,S1,S11,S10,S9,S5,S4,S13,S3,S2,S12
0,2315.5488392702073,4576.662518552626,4476.338446792212,2071.6868501431795,2357.312793734013,1438.6368088556824,1893.7582104016458,3807.5717862979727,1517.6595836376182,1652.7833641316386
1,1804.2173231779475,7461.891102826861,5504.3475334999275,2199.0651153925537,3505.8374703193595,3530.6042141152107,5280.594974588172,2953.867278829405,3867.4927326090083,2273.35616758579
2,3796.383795468547,8733.708503831967,8017.5639967460575,5661.945292964693,3248.8607865149343,5176.681486443939,5422.125782809265,3387.0323709583913,6143.070820097768,2744.5020629740393
3,3714.589733498095,5739.400451678183,4519.497909824586,1542.043458785548,1341.2353141059161,1765.30571011156,2500.524451066747,1693.3478987268875,1481.8837447556352,1769.1369519829445
4,2496.5036207036483,9337.685388853854,7729.878367530257,4216.978056515509,4581.17880797471,2787.547827976464,6225.250572252689,2453.8791449441833,5290.726221803969,3059.6743340828907
5,1875.3415868817192,4554.586238732563,3626.1973266333443,2515.079690421339,3683.3875667228426,1944.9603138893667,2705.2554356556066,3213.6026538310157,2333.13880425009,1628.336439952983
6,2495.4118791464807,5415.419410333085,3671.7755018028547,1598.4845535662903,1326.429299846127,2617.4178911148438,1670.4710066812795,3656.0307174689483,1162.5712144023294,1865.4041394165765
7,1694.5998961561418,6864.998016996699,5330.920563558352,2153.768545830916,2358.369726714796,2398.104536252829,3942.2296677512495,2102.854482436364,3341.9679407337812,2369.380971273513
8,5138.322811470849,10629.061388522443,8501.34268402139,5787.263647553991,4212.66769608422,5549.050049942489,6868.467003418181,5062.312639807444,6132.941801306306,3328.9463968963073
9,1559.9430150517303,8925.79931286046,6751.98975766341,3276.212022216664,2724.7725948200928,1473.6921097470927,5350.625607882923,3066.989631361601,4551.981142904884,2672.440194828776
10,1363.8698961459086,7422.279479023964,6011.2206397011,2928.9307807337536,1855.9618740277224,2396.343870260117,4643.777693853823,1036.1644390928354,4575.994554088711,2626.096412370478
11,2265.045515459921,8936.377694228508,8229.071212287758,6125.27607852176,4628.493274175522,2452.116287410451,6742.551827384883,3100.720342204323,6501.893322023257,3188.7309362543865
12,1311.3776919001232,6474.5175379544335,5500.733440748594,1813.4389668742792,1845.5856781658435,2620.4182231410737,2982.9905380036357,1148.401568973587,3332.375497347223,2314.5824341423627
13,1322.7435215855835,8298.025105046348,6355.991620355372,2461.7915035675996,2533.6241175106616,3993.1648714412936,4907.438404389202,3889.392788951811,3132.122730116472,2488.5786773281757
14,4498.336050210922,5243.964452062673,2871.6146663787854,2022.7334075660926,1239.9061534141617,3068.5059123794413,2761.236994896617,1340.4490309461926,1278.5055540797036,1486.2694441219319
15,1958.1732299187427,6760.7254744983165,5196.190876799032,3657.0282369452248,3101.456474285117,2001.1381571534469,4257.395768586761,2059.690164178429,3445.356679419872,1675.344839818521
16,7381.75489735464,4350.103613628731,4850.937012308088,2048.245057315217,3406.656164698079,2224.0416154527447,1306.88527226755,1262.32052282232,2606.9114090305798,1888.2676703720786
17,1762.5692362011885,7192.579465659319,6839.765962154401,3269.4469940129284,2396.448160009228,1840.4184817165142,4043.3899787343,2210.6265054865953,4343.288006066892,2404.537069600846
18,4187.034333156217,10148.32030245034,7379.543657998302,3882.8536662858405,4956.595138667489,6982.453677953023,6254.475655151193,3251.0594322627353,6650.4460536851,2423.0187218507635
19,1885.8361572695085,8891.335878007852,6270.056220649565,3227.512050768846,3955.1278701285455,3198.2918344263426,5452.787403109598,2745.3264352709602,5234.980604250258,2112.84294508288
20,1530.1811734006142,6659.541759329257,5923.515084891527,2181.442818380274,1577.3342606491738,1787.4088459689196,3595.2528696953905,2524.875686232326,2691.982050411394,2136.816212345871
21,4629.544936584093,6362.707606369116,4688.036681153853,2284.792476528833,1620.4790337315198,1058.8530929276703,2292.675381344995,2222.4065916876534,2498.081682151562,2643.3717488765747
22,2441.780194860019,7500.287267032457,5809.915561454727,2008.5325704556772,1663.7032239494315,2194.6780078378843,3734.8178362316394,2083.2236965992242,3601.8652438967756,1875.1499711565855
23,5431.571241587784,9887.828214859783,9157.089324222132,5655.050251639365,2714.585755426496,5851.137820174183,6736.357480442111,3489.473911982866,7758.033383381684,2527.8766035295157
24,2054.4699765193473,6464.01376550354,5197.359584706884,1989.7162230992376,2169.4674034206996,1267.4856610605293,4115.7504112391825,2488.4301733523957,4348.142844615619,2149.928865288894
25,3226.873221799573,5855.955371061116,4846.711748605886,1429.3506796524198,1435.8651964910885,1185.19677752064,1994.28948583275,820.9469300433784,2877.216205468303,1927.8974976133538
26,1882.7959819906544,5133.991462452121,4472.621643163663,1271.1470468794193,1047.5802152076544,1909.0963336086738,2360.1270836610825,2281.387008878568,2091.5308603119033,1557.6768035193265
27,2716.141576870269,6659.660453013805,4372.608501636574,3022.1340390498654,2085.333536206199,1004.5518570861664,3626.2045092110034,1368.8917918266961,4106.70736222491,1967.1268849234318
28,3607.0471308888523,7548.448865922095,7004.43517992539,3499.8572109876764,1665.9681553559915,2497.0227611480627,4467.257534514595,1167.3563536671622,5339.613960788072,2941.393474228466
29,2610.17674172804,8676.539800887005,6777.880854187051,4564.9521066928755,4329.394089321753,894.7644533360817,5418.561845156799,2666.097029460404,5254.649649906514,2561.9454113058528
30,7046.510016327064,4991.972554748361,4433.003124645179,1158.3615494288288,1143.794211111684,1046.1232033775732,1830.4701999058398,2790.4519735152335,2317.2019529150466,2058.373698598771
31,1495.9043540059422,8167.64747667291,6011.463079750125,2221.645690065001,2984.954062727908,1944.205413554961,5281.965699811121,1833.5596613088946,4920.627065625454,2467.853256152396
32,1177.199570673,7300.77137770454,5972.482494785901,2674.475266885861,1175.2851860258359,2800.652707299584,4164.205132118603,3774.3175342584063,3947.7069180741073,1789.7060221836514
33,3988.7795183193357,7104.7051817626,5856.585922426448,1797.5617888264737,2741.049129034611,2588.2935034241536,3660.8965927248646,1936.9285210248793,3087.7292424910256,2155.0411773836295
34,1536.3003008631508,6230.715870891812,5371.0955710441995,2272.123755477159,3111.525805642202,2188.2748705565664,3986.0389286409363,1666.763605912656,3129.8065708570075,2263.7204453151858
35,1435.7471750720142,7479.693026949575,5793.624506386055,1823.142558844469,3988.7143940990763,1914.8492954999099,4981.451892660991,2878.93383248311,4244.218030485567,2431.935000260497
36,2781.4516110756967,9848.614995387758,8835.592468277642,5280.026571683124,5322.444445106759,3607.437908766742,7210.45815502961,3716.9112211896327,6069.756515522593,2418.6603905327565
37,1749.4753130090576,5255.008230167816,4249.598374203886,1970.5920597608706,861.0801067687271,2324.28230008441,2144.756833662794,1054.554784549945,2280.0270153847678,2429.2934915046426
38,2895.3113539051883,13710.661327151614,10028.939901489646,8028.397399893325,8079.338484981372,7052.210229446794,10023.140385303244,5450.226806446777,8094.327758423713,3054.641103003415
39,1493.8435196770802,5315.630624955395,4198.186136290817,1805.368716981172,1493.744922162668,3912.9701606408908,2440.6571610463325,1311.3420544597461,2339.4552077334133,1899.0450486893599
40,1266.0310878114292,6889.915311325878,5473.423458536592,2203.1720878985725,5957.713656871989,2786.9509405910926,2743.9826954282744,2146.7446293792414,5011.886310490034,1737.939646249399
41,2787.297242451451,5826.910920046999,4359.506878051514,1494.8899792821105,1835.3990489625958,877.9118075985317,2722.0789821214316,1198.6840127480668,2680.1069297496288,2061.153385278555
42,1133.7524195186493,6062.991903799286,4068.18529679512,1108.0626610500215,2037.9238962614356,1021.8184779466897,3173.871909010216,1716.830694589496,1780.4023376421655,1189.8389456443595
43,1580.253979147317,5408.43180563992,3751.206362394001,1216.4605893125442,3497.862271019436,1616.4117230853658,2388.6329526587215,2987.3480926804395,2281.889711602406,1571.445833309446
44,2174.66032011438,10327.05039615673,7546.187356512232,4452.256869731757,3181.8282026741726,3074.006445035605,6733.823052822398,3781.629751495858,6301.942253494997,2916.2392677032885
45,2005.7791356160433,6572.619869981225,5817.6007167072785,1559.3911027742427,3117.882287244548,2140.9209285374436,4313.784624068116,2409.3209345507616,3276.2266720156285,1929.46874875337
46,1292.5597634578662,7283.186245865378,4723.781231428036,1384.1985745690995,853.4630670570243,3352.7628102807794,3288.9038009991286,950.5694383928974,2249.5738420200287,2089.6973015410554
47,3272.9577747438116,9038.674893981526,7880.968899514504,4054.4974430357847,3917.417419519008,6644.637780235562,5989.981523314045,3281.1797937729943,5627.1989161137535,3029.762800971897
48,1194.706744559151,8650.358176964815,8016.302991399749,3449.8522618202355,5328.874588035082,2904.073181969422,6729.524042136607,4119.708803122487,6162.777512111503,2457.9889389305163
49,2826.261670500812,9265.48234281112,7545.684295700421,2367.794854659713,4453.883184911407,5387.386997667954,6395.41808386827,4643.295675358626,5430.176128406101,2553.7205034064477
50,3556.138821938102,10740.562867418113,9154.134605394553,5974.687917229918,6147.464000933038,5416.611947190337,6995.275824963892,4939.761882060364,7466.3761685373975,3595.704299092654
51,1732.3222777708713,8873.597577950506,8058.821361449087,2679.2544071215716,4999.621446830051,5870.8903046615105,6660.82813658007,4281.35175690594,4976.730407317429,3662.4583775283686
52,1957.130781392703,6459.640998753478,4524.9798780576975,1295.0151374367667,1424.698447860339,917.6811305778635,3468.987651999354,2962.070243061954,2535.4972606859137,2600.7395993251507
53,1795.830796371059,9100.142665654514,6953.063894709658,2920.6151120658747,1740.6727742380867,2332.479964181647,6412.75509736971,2459.313890919039,5387.633771076766,2400.31289936273
54,1058.9703317286262,5720.371914503631,4865.989329181061,1813.1577150679493,1654.0880532428214,820.4947001938841,3729.743354942905,1201.5014672164339,2424.4775672479877,1948.4208394296634
55,934.0276379151742,6316.078823374906,4835.129677946191,1217.38058113381,2115.4940848456363,1344.38759400869,2542.4529676416787,905.0342457696781,2536.802727827828,2688.832690208891
56,1043.5400060029344,7040.210233110414,5391.694279715734,2240.423985138725,2456.4772348003726,3048.719420857778,3723.4830618761744,2265.2963452594067,2932.4585279716357,2540.709763541529
57,2091.133437027348,9144.637287708581,7511.9101359586,3381.906142142415,4465.418869748402,5164.348918380307,6613.478134587803,4361.681784362909,4940.828180289996,3188.850788984478
58,1397.6068861306862,8836.395587878385,8586.055058997063,4953.284535717592,4576.4588130750035,5295.790230991734,6093.792501372975,4874.009526207934,5355.427422466937,2950.5568912409135
59,5542.584867854474,6848.853139273802,6039.309390161623,2451.0688242681986,3896.719597518846,2299.198580300043,3994.571278272382,1969.520788078798,3852.8859295447064,1259.0672732591886
60,1624.7398549511174,8975.296353122943,7227.723816033715,3382.5928139966895,4124.108712415791,3610.9246218268495,5573.880246091767,3940.3238358922436,4644.047891313979,2813.510268371432
61,2048.8014866907943,5625.663279661603,4553.771373232085,2285.0188872233175,1968.3384218861288,940.8384610708725,3694.6866633078107,1252.0864895313427,2191.610774642617,1649.7828088843094
62,921.4553072916428,9089.587244882367,7879.708972733963,3804.2608067467454,1658.6325312126069,2194.2531482140575,6182.998579263109,4076.8825090580526,6619.718779756225,2309.188901182607
63,2089.4040943704995,6654.315463123846,5608.755458591637,2557.712123834651,1513.4106140576625,2406.815776286512,4310.773683528053,2359.797067434485,3066.8723952089927,2979.944325236729
64,1117.2298524046103,7108.570922957715,5770.804820397352,2981.283433909563,1836.1477573323016,1625.387393383774,3528.777095621277,1524.071673465258,3024.155150937225,2534.1216182600683
65,1844.5312683699826,6273.292048942378,5160.358626568368,3298.177367816217,1119.7679207563046,2911.1482836848063,3347.4413546802134,1541.2101149738078,2944.716375242453,1751.3645924155835
66,1077.5309620818948,6455.436837381549,4405.100620820853,1079.106839957964,1609.018013357766,2678.309134581606,2990.618645703034,985.3897363847019,3982.9860109288275,1665.0319944982637
67,1353.4076583168176,6589.321130141861,5163.826606719738,1687.6571216540158,2086.248304842805,2270.4281131073367,3747.042206128538,1777.3243249467682,3400.949525688443,1592.3688032353077
68,1443.9203482594114,7005.279646175824,5443.74645469546,3034.074336204355,3346.9702470830803,3532.006508768706,5653.088970797866,2154.6416261864915,4319.276055733575,1992.8620651228412
69,1093.0923781951403,5611.396523170681,4018.2262282055317,1525.8302154900114,1740.3698101474367,1347.461560596889,2683.9892364923144,1350.3887047988483,1256.5700937743898,1843.7877670571352
70,3776.8956004328884,5425.006187922259,2776.9286308200453,1976.1469181928612,2048.1833215580386,1524.0743107274855,3187.7430895322977,850.2624295177643,1157.2806781338534,2115.291150367832
71,5605.221983255638,5038.542800277746,3962.2895694505423,2040.9938590702689,1488.6055681950088,1189.4866296842933,1938.1001824229495,907.598374352465,2190.4610075201354,1297.5465913360968
72,2017.5274140493468,8605.73224633848,6743.882428860083,3283.946920526171,3296.5682785332306,4615.05423954283,5790.92492307441,4249.78142172159,3817.4301940227992,2221.3860145671133
73,1618.3422714578433,8891.110063910379,7594.813107849503,1866.1238494750396,3109.4083373509657,4264.894662589191,5752.486075813036,3646.653988443285,4349.517107963313,2966.972504012554
74,4896.86613962116,8533.522693293282,7526.4816372919995,4291.619398048165,2527.4807817266847,4667.944986098924,5461.994971422613,3284.9076201910366,5596.063627528747,2756.268034453018
75,1431.5723238015585,6156.002552305761,4062.319431000028,1538.7389511330925,3659.8878941581806,2544.963471995373,3153.189353631551,4134.3885106481675,2318.758613496562,1679.07025796405
76,1530.3947981471142,6439.3068706190725,4944.0628209031065,1670.1228547990747,2107.2891820781247,2442.8691372246185,3967.595179162695,1810.3497225275878,2158.6718289968762,2183.62792344211
77,3025.607613698379,6126.868331947727,6257.3697939336325,2815.689265417592,1446.6846963756911,2339.4478871612514,3824.3937431663135,1681.782522694441,3412.573722706142,2213.2578038931415
78,2120.7413304528354,6015.420345295475,4497.730739200606,1356.8503504844434,568.4617854434244,1292.7652581287446,3488.225060768721,1005.7766653498231,2158.3783462494484,1811.0983565447955
79,4609.821680581412,5577.111983241985,4101.746164024634,1505.8774562635201,1966.433551014841,1815.1916817229817,3463.4925997205764,2158.463611696684,1411.3024381819246,1357.0211852021876
80,1442.5570007925548,6606.272341909131,5054.0527025307565,3013.7754875757514,2135.843024094922,982.5958183010628,3796.8334750380254,1444.8418729342823,4232.944341442637,2085.983090257641
81,1813.54855426667,8198.619365832286,6231.906292393606,3147.7962226744257,2766.895428592038,2312.358181474224,5502.411923474135,2420.4218897678375,4144.434903925394,2223.9182760958784
82,1709.1987678499518,5630.711349380802,3229.4393164872845,1408.7025608494907,2040.6603577238227,1752.4098975307884,2367.667888175102,1701.5520268504697,2874.3773045077055,1730.3888259445166
83,3051.8584700331307,8180.039382164966,6059.958180106674,3024.8154871820648,1773.7519061107294,4061.9395220142305,4979.899715234471,2596.7956200350673,4907.129055689782,1866.6361155013976
84,2953.147597401737,6142.609255098393,4847.307285204537,1914.6238179066604,2357.771128110654,2157.146202532589,3290.334026212542,1248.2549829787602,3041.139205838981,2349.6435307679485
85,1237.4461972171157,5555.715701796731,4863.994650970429,1003.3516871677734,1287.9338062476968,1232.567601833777,3105.201376677817,1001.6399432863384,2200.17079348831,2156.374410017691
86,2711.4034452096566,6891.95152517984,5612.729311302517,2874.4787722429696,1721.8325610104757,1565.230409531328,3457.0314732051693,1668.0751239663878,4088.9902708705904,2268.8216917029677
87,1709.5061698617972,6666.790640156902,4631.003694144088,1337.6296133645264,2245.1177412139314,2976.667621665615,4080.692269920566,1245.7967086933536,3570.237602576844,2042.7713873360194
88,5964.565495598588,12309.830687923004,11294.39573929849,7466.673107519688,5191.117853710994,8032.225554702518,9544.13370335854,2723.2223959680086,9524.178730671072,2866.340048290599
89,1643.7237214971476,7242.920715525699,4456.312473169712,2451.3581367811216,1995.5029358656154,1349.2494417444648,4666.863772505045,1745.1368107606588,3216.2294130135533,2550.7856454126722
90,1814.5677088313385,7474.548172889845,6319.519057417074,2125.6715910586804,2211.044869791729,2429.9588217379624,4056.2288296543657,4228.8773892748195,3789.2984047438204,1938.268306679786
91,1909.0491170623573,7993.089644373155,6511.144209571121,2705.0208314667607,3397.751935153862,1843.655680094243,5549.245035038039,1766.0508805528145,3960.2824117469754,2516.422849849937
92,3263.734390116048,6612.173039003974,5612.356317161062,3292.5442429824143,2426.088995053306,2757.578326723892,4287.254838228335,2228.4940309121744,2991.3045021597336,1519.28490475271
93,2169.8975300280263,8727.860989715262,7396.755658631768,4481.165525920394,3748.5868941593244,3533.673527144897,6076.508549755774,3630.32622384565,6056.707410073979,2361.0234152156195
94,1643.826291825867,6434.188637458077,7458.376603467432,2248.192528467455,2585.714253655805,1522.8467111276966,3621.5544280818394,1916.8914188200624,4366.080032056567,2346.7590205837555
95,1011.7410889901087,5850.353885047358,5339.836002692649,1510.2389160782225,1881.6639504444715,1393.5886669745723,3396.2577709095494,1013.0294882291807,2678.979450731573,2250.5402810536743
96,1577.4516530931237,6635.099760804855,4372.793799619587,2034.1371660405873,1791.4269937853574,2160.570776191917,3427.6282610938333,1650.9843225074346,2487.652309565794,2249.645492625263
97,1536.9054199245177,9524.922221223631,8037.674204390513,4242.135359331625,2618.507769760002,3078.355092131563,7320.575365216389,4996.34880242771,6347.90227864359,1956.6033583151611
98,5532.0710782095975,8862.320225961561,8113.125184408229,4353.467791735595,3328.7252366808207,5314.0283477760495,6773.13322122844,3544.561273460159,5386.337212319926,1996.0320105580552
99,2787.5608031388165,4803.8485206243195,3151.2357572624187,1262.0527671118346,1253.436749106765,1607.613803004501,2693.382322964672,1740.3682606273296,1571.798049199001,1325.3146963171996
100,2518.512350098055,9554.694218800469,7604.5734985218605,4118.44270329658,3659.670177497298,4929.325604432825,6268.450583178765,4850.918656045396,4888.867760474737,2681.7745978085286
101,2749.2982111089086,7639.120831922322,6670.260999270969,1906.4174201433705,2556.002272275504,1847.774707490252,4914.669482869511,1448.5815175474681,3526.843228837447,2374.409924262521
102,4241.627668432728,5282.413001461281,3919.966894890401,1707.7392195865966,2184.180335217766,911.4061243471538,2972.5056216027174,1064.2288861876636,1485.5472840805978,2159.2195002807903
103,2167.931322472855,7102.418002318458,5610.777640476401,2566.1562906353556,2632.3204478026028,2346.138706916339,4128.204907630807,2112.550880419233,3531.0091051793506,2308.062905602714
104,4134.222301020147,7777.451964645593,5815.711027183008,1412.9853244288506,1991.708544658377,4612.701376377344,5099.652810099717,2489.1603888646805,5206.560045770928,1973.6347479295655
105,2055.7412347499294,7602.836230967598,5124.972857677008,2210.5160545912754,1301.5722291293105,3430.5307358108194,3477.011602652061,1595.0960539947052,3988.896901334999,2506.368546485487
106,929.1278758727476,6217.90462085279,4416.468940576797,1144.7452131224609,1985.8775529529207,1800.2327048706652,2265.642176146802,561.309723464838,2417.2006343643093,2261.8613297135344
107,2017.3726565341515,7373.587816779868,5514.161919460759,2442.0383076336448,2742.2488571877043,3782.6850524094166,4991.8188623696815,3328.5821052899055,2916.1469298717993,2185.450310514186
108,1831.6930040640573,7155.930513201049,5919.021621950837,2320.3517036298554,2590.1802287263786,2742.9290898373956,4337.704468120895,2314.763262943806,3289.548170421448,2127.2106740666673
109,1688.2547551095397,7948.2206570795015,5708.243365746754,2507.9686186030467,2984.4756541473052,1516.6951875328077,4820.862791454747,2276.471796840835,3834.3765388718994,2204.055745700344
110,2635.3112883655954,5174.724122395406,3525.329920117938,1807.105255988819,2494.348206441776,3192.112296904942,2975.921493326495,3146.62391915273,1944.1088382117032,2177.067992595264
111,1887.7604796136459,6917.268925757673,6679.4043237979995,3412.880133192423,3637.3555816031567,2872.569723761488,4163.88868621048,2339.3106958774224,4083.2473844587657,2204.553224920146
112,1987.3599164668863,7637.819906519946,6049.740828314069,3256.7982854950997,3045.204885861245,2360.0163745790596,4512.275319625403,2786.0539334163464,3577.6417981255145,3271.4551623706498
113,771.3332326248052,4968.088255207404,3178.059450938956,1356.9701635930799,6005.26433846052,1668.341371763604,1928.916658279075,5750.118921316048,1464.7687838776008,1618.413646443694
114,2324.9305519538816,6669.142770048715,3920.255676646394,2039.2650386996484,3069.0205437711047,2310.9010405922586,3290.812334155125,2597.5508920032335,2370.0601667994397,2078.5977870993875
115,2515.536839884388,7443.457168338126,5949.645463529612,2390.0093829491243,2719.8080879476865,1395.4286202094522,4746.51014351658,1454.9283803267053,3950.592927935877,2746.5900035449376
116,3843.8452790093543,7080.816659965824,4921.438870550007,1693.810276615941,2295.102164483279,970.253972986503,3898.940395413537,1737.3493001481781,3909.1372366639325,1673.496104219933
117,1659.831946281385,5424.081926288921,3802.633445069003,1214.8128979965154,3449.8437879350004,814.3206621921718,2781.3365233485224,3414.034672168827,1796.971820133946,1467.0070325447962
118,2615.940667771761,6739.84162542477,6010.595916597699,2362.1119851048015,2853.0506526683002,1726.6007394436372,4817.334529718483,1779.9147691538808,3484.865271998879,2064.0681475649244
119,1954.9285731056484,7256.3490218959705,6269.47200595677,2465.390867880109,3372.2594224119925,1628.6985351218082,4155.091348369033,1745.81453563804,3204.93732154719,1602.8708401416177
120,1837.8260657685,6952.263231775711,5751.735736663332,1463.4505018948264,912.8953442136847,3266.602000712896,3094.373573652324,2552.53238900051,1719.2240132683603,1792.8829480504278
121,2857.909446523684,8097.977433985789,5322.720684382546,2995.247766986362,2487.4642014915676,4410.088250561947,4905.1775134853015,2476.6839285549113,4747.590623791619,2226.7727583040173
122,1326.3242574019655,7974.227137874177,5587.670025611871,3271.902943657937,3102.368549328088,3203.4325620925256,5446.330215302696,3072.077573265694,3858.3575629807515,2133.1510389964164
123,2525.0713148633586,5833.326931486624,4182.929730796844,2383.453015905524,1398.3394413798383,2974.152630046958,3722.9519872567475,2748.635176011251,2202.840409626495,2356.508983023659
124,2475.6712233177,6441.037953620349,5577.95028636161,3464.054722274438,3230.433871744224,3136.9817390521202,4836.393370992542,2761.4070246321135,3275.2826875676437,2408.294295406368
125,3256.4207731165034,5575.748269480047,4867.3125275769935,1368.640071349823,1666.5881194392057,1460.598921947021,2807.3809312570984,1562.1841862528336,2702.7633816759685,2273.690253902767
126,2212.686021636825,6581.551816186059,5630.3985752283725,901.6221989223413,2223.1149213043777,1822.5865679473495,4418.0297292739615,2024.344897544468,3608.1948493643,2007.4124728265858
127,3195.8480635466726,6185.213076986166,4703.916017727456,1290.163769675044,1007.3202122847416,1302.3140372235423,2937.1049082029613,977.9371505792225,2495.6358112364023,2080.100102860611
128,3890.430349565314,9546.455072458457,7887.215552344942,4685.708766529711,2505.4579657207164,4885.878110903413,7346.554097526106,4202.371837645609,6719.573236194947,3409.8586491987558
129,1772.5649172541025,10130.365586647657,7990.609788255395,3714.638529248262,6277.845767711205,5732.664598468443,7507.00849177797,4706.616015999424,5601.973519454557,3159.378523880099
130,1029.082385782046,5716.317865147908,3127.1785817247583,1145.5129996379796,3233.1854309923147,2047.2709582781076,2153.818666818027,3526.8164154504257,1969.6436161324095,1919.919459265702
131,1204.7354804135762,8638.667901581834,7377.567529445063,2030.963775327004,4221.928466946561,4162.838915880951,5299.366594216088,3027.408296647449,3866.146512880779,2238.152631805887
132,1394.9884655034073,5163.161949443884,3389.6725320808364,1237.4792901282108,3941.693654829257,1462.2312280404985,2318.9282244975707,2643.947398922507,2407.9300940564676,1909.68407526886
133,1567.0583186450408,9380.52025993804,7273.744945520509,3619.9610372693733,4154.99074988741,3766.8554312890546,6278.739314416001,1698.4786342128057,5176.275603784976,3076.5710406118724
134,1512.3840721336146,7030.596484679233,5089.077889674631,2226.6811931835805,2841.459707957787,2795.087997970294,2622.886850733846,4322.510915151981,3484.4048508819674,2415.379849365926
135,3943.577444382956,9956.665669020449,7662.090579294724,4621.24712178874,4597.614278997114,5419.5551148494205,6958.5574502891795,4194.145146329814,6458.178187727506,2450.5464220578165
136,4002.180422208584,6062.521508997242,3728.535865591599,1135.0086903451995,1683.2603246809754,1628.7555438600457,3489.0018418436866,1872.2617866317873,2367.160201558257,2090.777375720472
137,1494.941003016591,6244.362063794302,4866.820174057315,1763.6716521453347,1295.0708010252565,1539.3998674564455,4123.203172990855,1766.822397372688,3522.002181487379,1448.2669068173946
138,1140.3772117848991,6331.549811932353,5604.094446040054,1408.9551481781145,1279.2996921136523,999.7001916537109,3835.28740265824,1490.6174594868248,3283.973529871652,2245.83337735446
139,2498.0328722495415,6494.94657249184,5520.901648961793,2178.691872432213,1243.1232411336746,1844.2222067953894,3534.0586566582538,1476.3499002828744,3351.724100265445,2407.24714694826
140,2591.6026083867346,9986.924728678248,8098.014369956034,4970.354975641347,4397.68668077079,3511.9600895639182,6021.198272941497,4030.5953486343087,5627.268988295829,3223.686085054543
141,2472.2437031537283,9124.545891315309,5989.320279557066,3001.017465416951,3421.957545018579,4349.109612160364,5129.141740236984,2209.624612358332,4865.46159474265,2128.707573474031
142,7109.713777835705,11394.71845888644,11831.530336383486,7165.017219831232,6572.240121520745,7268.932376843593,8973.927947283642,5318.305534522995,9466.643459309744,2641.5286855556574
143,2524.800186286289,5738.399857142551,3941.1053293987798,1562.6894926642306,1846.3027958712532,4252.656030397285,3179.1895008250394,2898.771031103318,1677.675249835263,1393.816728823202
144,4370.18771281698,4099.620316861798,2947.7587874617448,2111.4477230441303,3585.4995639103754,2784.0788540372514,2307.55848436993,5044.263975973719,1648.7482336010426,2005.0475782932472
145,2948.791226083944,9597.963311664684,6984.011271362747,4412.196584364694,4290.006421629282,3231.987500230259,6671.679732701527,4266.343168817188,6161.808546945957,2372.3698705254296
146,4094.2434777196345,9722.199697112086,8390.908193653879,3987.197473985562,4925.360039530367,5692.56637063144,7748.904463642481,4921.874055609128,6103.565758823672,3226.2364618685433
147,1589.1660881572582,6847.640127804702,4152.755085522822,1805.7188279070208,2079.1954245011125,2591.5464000672723,3483.243414805308,1456.9768792728482,3299.3502168518153,1422.5691423155467
148,1019.3602020736881,6979.339684137671,5003.19590407045,1868.4525730975888,1888.4918336850342,2403.804863965733,3780.098581211535,1504.854824919352,2757.7405649890197,1933.5298183156865
149,4875.052740000867,10455.957551074354,7361.05535570053,4617.729412543834,3664.8771230704624,7441.571211868897,7004.239575459938,2408.2699155059536,7038.306534998823,3734.523966514324
150,4253.7749686696225,9880.831372748127,7488.836377145439,4002.6560136079934,3535.7162042286664,5569.677891384948,7762.54160131276,2413.878024818701,6196.0955010102025,2830.4775327575185
151,2017.2165602859968,8412.516730760632,7164.685852718601,2389.153600972426,2834.98286497307,1956.8139373755848,4924.886997607906,888.8120491447967,4580.640480341904,2449.9718820877783
152,2262.2483597797795,6403.9316846044,4580.4488122555085,1610.9962861590557,2475.516284861698,1405.6503856634035,3626.3666820550106,1412.2011356971225,2614.8778962087863,2337.767868916286
153,1478.4372012603478,7748.893940561155,6827.514136739099,2724.3148862976063,3229.737698148532,4584.896560978566,5289.2491531904525,4070.8817584962962,4550.828336803004,2527.0429030436067
154,1597.2744698179363,4727.079029488366,3513.261052811158,2194.0061756834475,1193.981511651112,2003.5480338002253,2470.3317389633066,2446.2576527250358,1977.281263683768,1585.1438564740488
155,4913.790427080072,6176.149634029259,4585.752924500158,1724.7441250863385,1651.3667541826544,1250.4669000185959,2500.2483748964005,1417.7831413118893,1839.6982359627332,2574.3749084408696
156,1840.2199044994395,6263.633826504625,3528.043858790706,1426.7039415515305,2785.855933830958,2430.165404683049,3301.3545402736854,1953.484211831627,2699.6920286102118,2097.3160433178527
157,1375.0441320626924,8712.709297399357,7553.023900447255,2886.647939649005,3120.513230716089,4424.212272419727,5817.008923078705,3629.486536627971,4184.294401083584,2476.097267769594
158,1573.6840286283766,8116.5563667992565,6890.823332139552,3741.54849996924,4061.2785615730045,3682.696661642066,6179.331927798741,3496.689051693236,4542.230338265467,2316.0295486041314
159,2106.322320200874,6803.051648266468,6358.881921612407,2225.7931324634324,2852.0608217434537,1861.2472408399437,3466.519045022661,1843.5596377485099,4227.103315228409,1602.3749292629207
160,2324.3769280348756,7966.1964351412735,6475.407659600922,2570.6464658136197,1068.2689381297841,3285.1788945019557,4246.398533398793,1789.2279336796073,4638.799265571493,2706.649696930214
161,1792.9377705445231,7279.471528856286,5066.339330418188,2074.3800368912416,2380.89574689291,3687.6911016827357,4655.287246091335,2411.589231972619,3203.68565420302,1978.293333522206
162,2756.8299511858986,9994.716363644744,9719.265970440654,6048.603382741301,6540.448480245126,4572.406076534613,7799.364011847951,5225.923921828255,6408.964595343638,3211.791978327072
163,1229.1018501714643,6098.915335551922,4818.466952117841,1509.835250692044,2087.6319030139794,869.4766632208964,3556.6562894435847,1348.7059359348495,2720.0045089403648,1791.2413422020188
164,1693.076046536295,7593.858376241149,6945.659069891016,2998.4140561266495,2070.684673729488,4131.943590574763,4673.688189245733,3445.8068655295237,3232.380879430098,2620.3634000799857
165,2730.193846986388,5120.04764942907,4154.6606431653545,1045.3372525059506,1247.6887672692962,1825.698699474528,2168.5897246694803,1717.0021406553005,1439.7035047860043,1826.1694999180559
166,2026.7084544621157,9453.747993030638,7906.377439585832,4071.665963767426,4027.5951425848243,2198.4327347314065,6916.447196418738,4080.4360426565445,6395.069677208916,3002.776146625311
167,2075.591567824404,7660.057937916847,6216.152554928234,2760.0367489845776,3820.441712437597,1858.863762608963,5849.642201951304,1851.4808790291177,3765.767478174808,2427.1664770241528
168,2600.0141253296533,8680.728056659324,6087.814639998317,2819.85140192278,3687.880883309457,2652.670608893027,4996.941154926222,1521.711661948038,3587.4874011595803,2783.3766352340876
169,2057.6393138711337,7776.877995446628,6708.243842126902,2376.164896554663,3278.3664818254756,2456.152134247879,5573.848158712324,2807.6470267586556,4499.36579225805,2716.605612357178
170,1788.8302500942837,7146.139848102829,5753.277592497355,2570.249086797983,1586.9882168421068,1403.9871247479477,4510.669693821439,1708.172795029671,2858.695878026223,3040.731022658673
171,2424.7518608474784,4207.495597647081,3263.35727975194,632.3028345987741,1607.1800149492237,2260.159603264197,2290.397884351517,1797.965535589586,1377.6527872687052,2235.9054621373825
172,1707.2274825137265,7110.725350059673,5452.498065449803,1736.5412661795021,3288.6526969975703,2207.640252300555,3810.4337010840045,1257.2186659748845,3890.636509785265,2475.482854456404
173,2407.6180845204917,5665.841339289404,3951.80684689709,1158.149577616517,2164.598710101768,1127.8162751936302,3117.4885322662017,4062.555688471548,1739.088156442694,1615.1990307288443
174,2091.7064108567665,9060.210977758124,7750.281509082381,3893.8223750176567,5511.445353575704,2509.2360046155345,6248.519193767554,2893.271329023347,5985.055481558793,2873.3678164201906
175,1843.8738375174767,6842.472975828127,5118.426946415045,1620.2995464641945,1853.9904731883441,3529.8563991752635,3827.0741889271267,2290.201166857942,3620.9965856801846,2027.0675898557486
176,1319.9568309554345,8206.548388691384,6712.699846868367,3723.3883374487204,3364.055995434748,1623.6278109039627,5471.959925042431,2016.0665554008492,4574.761066244617,2653.386116997668
177,3645.859201630874,5169.772094226386,4365.269924846987,1125.958762995183,1514.4639302050728,1017.0092215997767,2596.643719003843,1064.7180757319275,2495.71327090681,2285.073967271507
178,1801.914792486522,5354.7318915418255,3603.76340484953,2384.052282300405,1724.5020415773708,2277.0561733976187,1841.7235481191392,1079.8509151773637,1583.771070527654,1694.6932400228893
179,2818.0379187844333,8909.38452255496,6782.917547265328,4062.0700751264258,3752.8959040581112,4705.871119760979,5898.395048892216,2745.777854476977,5843.803377479222,2686.6122000028863
180,1519.429899458544,7124.087973929428,5609.09696619468,2405.6591361172414,2585.2864067394244,2427.1792931734553,4188.050078873347,1919.2669131263747,3065.3227893979147,1706.142185374962
181,1863.4153705196466,7507.701877722864,6639.555329395845,2472.2493735276503,3651.124958415432,2531.8108293492523,5239.881542790921,2024.3295712811566,4542.547639927131,2829.6138097699127
182,1456.0076284589768,5791.649956397499,4744.563905376597,1920.286994680543,1790.3187391316965,3015.9049298660343,2417.11575489774,977.7700484933812,2731.417472210639,1846.4371026087385
183,1468.4324801332546,5876.432476776681,4640.462065054484,2170.7012994417346,1805.7229322119938,2489.46103809655,4001.038357428649,1371.313373904521,3357.6778867435596,1682.5480977400123
184,2895.8884224660223,9059.862730946423,7525.699666863455,3125.992485010782,2181.257902582492,4474.234867216562,5838.345546412838,3151.5745637352043,5405.048612175503,2388.9038800189273
185,1831.677650746878,9411.525464929346,7515.521572235142,2546.382822306106,5171.293879584744,4506.311467208019,6309.999762502937,3254.789646606886,4662.922419364895,2972.366701695878
186,2712.3754364458628,8025.429577582474,6896.84532641726,2485.4580521621974,3809.889914550777,3441.622062127816,4957.875408638198,2382.44484015985,4325.631447015398,2302.5721657905
187,1043.498281849789,5973.644351436569,5239.1918684278035,1815.8901876617642,2113.0764555029937,2226.5649789398526,2464.499798895783,2862.4466814992265,3376.2479167331885,1460.4502403859626
188,3935.494572910421,7325.004987359036,6732.858668193529,4823.991699822829,2131.3125747651484,3811.6782647998893,5065.789948264488,3128.9171891562673,4584.838695950059,2757.572846706653
189,2165.2064787375325,6938.367206981469,5762.6188119316,1989.1122638814059,1224.1858859575207,1171.1520052607293,4271.380324421538,1964.4776714197315,3210.2037739321763,2213.7435496934627
190,2120.6329422862736,8527.020689002971,6183.479242465634,3049.364734098188,4191.8215566749695,4503.268161579728,5825.948808708152,3732.457803685479,4351.45713593306,2893.438817477478
191,3244.8412769356873,5868.076626285947,5111.35754300989,2381.5036130976396,2841.806871339773,1840.3313115016394,4278.517911983924,1523.1361887946648,2705.011996153705,1811.4844451832669
192,2101.8882686704437,9943.352421426207,7858.775851867476,3118.6139467968255,2120.7249523228948,4437.236933352082,6464.096047036852,3210.306215789176,6649.849865642736,3444.0653175328503
193,1472.051819218027,8623.04688471483,7185.685976472825,2680.9550423996957,2127.3772629263003,1372.7427365412027,5187.88554708399,1947.2596857786143,5396.443908210253,2689.435559257524
194,1061.204868699495,5429.979696760949,3629.968930414253,1940.338248559382,1858.2764348036683,1791.2630706394036,3037.4736667190473,3518.966561823886,2933.535942343346,2053.338805321196
195,4042.2498089181536,5856.556031285931,5324.8288263172935,2210.5061971543983,2076.486797310983,1751.3338149955352,2722.170107414443,1204.7025564713533,1882.74826095205,2324.426727128424
196,2480.582322537441,8159.575181679935,7422.619222628188,2102.8593506817474,4817.69545499485,2846.392956849065,5066.144964248093,1916.3801829035956,5075.214683744515,2613.4862434033394
197,2296.7869658715326,6671.777278907396,6727.215187534741,3638.678749917095,2313.198673778359,1494.5852933610026,4711.254640798245,1923.8740788789623,3963.889230648222,2276.9879423990283
198,2049.7123246976134,8426.32890984025,6724.557846408519,2243.9737601755937,2568.13969586396,5269.051516415486,5059.829422338327,1991.0350067173224,4120.1287743048315,2391.404005765295
199,805.8810011380223,6047.36444267146,4399.662661116006,1320.7486831406509,1928.0145246685142,2768.740973440804,3079.7965584304675,1822.2462727834481,2880.6705751143363,1721.8510130943055
200,4913.790427080072,10465.727691336764,9072.63295447412,4438.465918223783,4159.612540280103,4239.472915511362,6664.294833620343,2660.923987161269,6815.829257146468,2957.813525198922
201,2440.613027127266,6523.09691249755,5235.150856435126,2064.162101364607,1564.7181810653315,2254.294230343316,4194.731252084845,1147.8997674197335,3811.3001253739762,2280.2682306680713
202,3944.8095935355022,5797.679180597297,4347.750686000804,1019.4162655154958,2339.4460767764385,1726.202840460736,2855.4009397980535,1263.1419863655424,2443.2848596843605,1888.2131734801121
203,1195.6655012095862,6362.552431262651,4809.793450093401,1697.0717103237491,1025.9030784087295,3362.179006095927,3676.61213360662,1553.5063029430253,3058.7701083261536,1992.327051105626
204,5547.345573636736,11267.815293167301,7849.626045963641,4978.67001773913,4549.443977755229,6528.009165066971,6863.086113554978,4868.890096883706,6795.414792288908,3444.2468163698163
205,974.2439938577793,7776.064804375603,5223.5813525305575,1506.207831474377,2681.9650258988568,2152.8934511921225,4656.474514819432,1375.6709711995877,4741.150933602354,3255.5315201434887
206,2098.681078846058,5110.502665535009,3667.0028650839477,809.7263693118902,1770.049833941729,4025.777784008601,2941.0624598744016,2171.5267384250296,2231.236892712647,1859.5906734050222
207,1588.5177364317788,7594.448463849481,7383.745841246502,2395.222938380727,3007.137054681692,3328.0115216504673,4893.327607253063,1554.494309747801,5024.530684659468,2076.150594693322
208,1148.9636183368773,6925.064691209864,5964.304328773301,3242.961935920912,2194.243848620788,1559.38155633307,4067.0067304588156,1083.0050490233655,3422.515089456615,2290.974435356727
209,1304.1569255162512,5311.429931746055,3989.1673499349718,1191.088173847104,1173.846282467317,3089.072854717854,2358.2689495904597,1329.912111879803,1910.7494382591947,1695.7271961002828
210,2419.245852008743,6845.200455218734,5530.310329353,2008.0699514687867,2507.8637372605826,3314.4175990044628,4269.569804253047,2704.447885140231,3060.279828589486,2496.213033357233
211,1314.1335533280303,7428.8318357466505,5875.215480661983,2469.469347939638,3696.154536186022,3232.7033832592324,5232.34767732552,3048.568872070933,4211.0702768556475,2725.9294440808544
212,5098.065317551082,5898.563497726128,3230.8619955803038,1421.608106862121,1166.1868097868091,1057.1861166117183,2177.099457685717,2539.6038624820058,943.4941763277365,2164.60551312601
213,1173.175525566064,8428.777273025407,7233.1796913907,3538.5475767264206,3619.5371983568507,3184.734873530052,5996.049353045702,2286.2114606478926,4390.203923832939,2916.247057391671
214,1320.8897343281296,6115.1333061366195,4757.026918478089,2752.7860872491165,1569.6639956269996,1486.9821303321332,3075.602602639092,1384.0664705457375,2936.5161345038364,3196.120695430527
215,1469.6581332628334,5569.748853347921,5066.847988104565,1558.8157631980166,1687.3430033232253,1778.5068203916298,2026.464147323614,3527.946158120529,2802.5907089802945,2197.2855739464776
216,3065.847177163838,6220.528954404601,5128.014727602022,2162.4978264730735,1098.625435239604,1468.53196077208,4095.927374667754,1850.3840620156075,2722.8560715001363,2029.3601174427124
217,2150.3225422357173,6781.082225001336,5843.922671750291,3028.292742065337,2101.8147045051833,2808.4791181274795,4074.0280712795247,2096.9367593061506,3845.121773871169,2596.6654326699986
218,884.4466916287686,6319.646959952111,5497.220343935376,1920.8845130879286,3084.6417622731874,2346.2445872327035,3881.6268106364923,2098.505679548372,3492.8262666798355,1803.3165415418257
219,1249.194134153924,5349.7240012573875,3882.724815676719,1300.8956498698585,1501.5114990369843,3326.144889799394,3503.825323559726,1700.4125573000765,1659.7210262123176,1687.3572405272253
220,1731.2614781699158,6015.73396989209,4279.6630990058675,1590.9155030019401,3134.101796323459,2103.287498895921,4132.00725941348,1947.9550632274968,3723.5005744450946,1765.2431375011176
221,1024.8838454628635,7079.262244625654,6355.845585305682,2895.7424764966513,4288.704188523029,3014.5991213026427,4492.177400792944,2640.9553352893295,4957.767043540682,2860.706109871455
222,3897.6145732820614,9439.626410176097,7980.238017080024,4359.764435976942,5442.519955619904,6205.341010777538,7293.73032391148,5241.566405259444,5935.344669874203,3088.71495883804
223,1466.5562670937445,8853.335892220639,8056.058771626065,4015.0785633135247,3334.201297884061,3293.0652738580593,5761.591554429086,2366.353704940929,6062.254619429641,2791.2985652101834
224,1515.7354829548499,6163.433906726375,4783.244610035981,2152.2500979204633,3559.3990855044794,2023.755457217645,2705.8441131406307,4341.737962290361,3106.4900148305087,2326.10093393195
225,3894.3554138635786,5548.544327615522,4480.103970310691,2031.310948707539,1646.7517168789273,2040.086070400811,4038.2130485963917,1601.5553887624894,2267.644115037514,1961.208105404864
226,1404.8915396227476,6771.909967594067,6567.551980074548,2071.1902821263975,2503.3707386387496,2091.5191340052916,4559.09009543186,2395.1933145516214,4071.05237666466,2083.4508549620436
227,2287.466428259913,7708.130584166117,6747.947000864422,3564.238114065134,2399.34296432093,2807.0452382007184,5528.537028579371,2893.205840208042,4778.5518185980045,2658.959550438983
228,4408.9479036069115,5009.654116939471,5100.396517519707,1749.6608897433002,2498.9082653320766,1835.5653517489002,3025.199372919112,1149.8476348240138,3043.741546361578,2332.1506395601286
229,2336.1691090895774,10000.191850277959,8160.386799400452,4077.569646987946,3131.6742490813585,2684.5805882571503,6721.304705379343,3632.3921347257683,6401.493517284829,3103.29689642632
230,1394.423778664831,9388.163775809971,7618.934918139963,3821.613147752698,3375.524124733017,2635.336746848897,5468.494778804713,3514.375422790068,5148.668144529394,3330.425384402721
231,1592.1506357132782,8393.965042212498,6229.758854088423,2822.9377574779032,970.7790970796766,2153.3692383813354,5065.461849454496,1551.7482592516976,4262.187002008479,1700.7054372761856
232,1286.8739774429796,7400.362694791213,4754.866501603578,1438.653047681903,794.6480226969722,2753.2468123129393,4100.342457837834,839.2968549812282,2676.0577386631203,1303.7664496108955
233,2417.0578289596233,6864.6324875075325,6359.816433210527,2247.5623406339328,2161.3605919940082,3007.73382201367,4824.823851640618,3186.9924942414,2924.038493073953,2575.278492810633
234,5111.935167060727,11000.431049488338,8671.198144849443,5291.910343816772,4412.47376735838,5551.108267188156,7556.061778023777,3962.62997460988,8393.933810953766,3802.510150481471
235,3999.9641372034857,4848.183545669029,3720.9363849938563,1597.8980314080766,1901.344711444729,1082.198397068401,2713.980016144823,3445.0565999895653,2098.0076168728974,2153.1956430478867
236,842.5968407173532,6387.3987781420965,5277.409216003433,2589.7845285197354,2293.087522834576,2726.714209326706,3803.290796966681,2052.8205584944353,3226.128885770266,2479.919850896954
237,2490.9494894739737,5200.038277090318,4129.969817134415,2032.0469951812029,1237.7357881469939,1731.802860566408,2454.160041691831,869.5023634891506,1820.7642853939324,3175.331783772351
238,1183.7647405217876,7149.711212057673,6013.341379462998,1436.40948361627,2397.2006916521514,3587.200851211646,4223.738333815656,2510.180619685864,3761.1767865820084,2007.3494298219582
239,2887.9228749866024,7883.890553317796,5810.84508117066,2692.9954197756288,2727.356126937826,1564.910575860587,5466.91926407782,1976.0205321146113,3938.246288047767,2866.6447486964807
240,1452.0987465189555,6931.207976216836,4781.115813862678,1668.5834538570696,2199.292839735114,1349.960583531369,3782.5756081205745,1621.0071750077304,2360.354504647454,1444.9465157497257
241,2804.2175381204975,8258.18678390306,7103.756433955461,2823.6630659539037,4759.210746618379,5473.1635568499405,5397.872507398006,4361.381066599827,4356.517796094406,2837.0915516006294
242,2170.3573279048405,6375.040706017666,5125.155532915678,1883.0543222309452,1485.3779031577915,2235.8541256117915,3692.94956871222,2016.1572745155006,2030.4033204519808,2354.963978294897
243,5691.095217731762,7009.520964679752,5175.491401993506,1200.4195963190557,1636.8081147416117,2432.250140558682,4102.665832905784,1701.1084871307348,3913.5983685357137,1422.7773505025064
244,2462.9054283125947,6653.444767639715,4102.817319504555,2206.291580931075,2287.0130614562336,2032.3695732145852,4112.141023131251,2398.4591149188445,2120.8965688980206,1564.0379865582684
245,2457.367210745406,6419.506890136275,5348.838311372894,1854.446885148167,1584.8023176511092,1222.160786494796,3086.0882376362806,1181.3589740243956,2781.162476900172,1669.5828604086269
246,4410.49328609782,6228.219988486333,4343.572356747205,2608.016451294201,4878.113102958057,2015.1474169030625,3700.57248302824,2705.105479879946,3062.8813243121886,2381.318800933809
247,3232.650746339596,9129.060021736714,7849.503371690037,4073.1649974576926,965.767176321432,3568.2946349799963,6035.766155095855,2741.0018815380354,5665.196637056136,2382.0592349092117
248,961.7613862532854,6144.290441821173,4647.124884488227,1520.6327260614823,1175.8641823539292,1158.3722895953774,2717.189872032086,814.0880730517633,2162.7755282868966,2602.033801912851
249,1324.4217228747602,8708.54377780071,6672.047038867036,2190.6641455807567,1996.5650003237083,4644.388750621442,4596.763879102704,2333.6407966220495,4261.536654102814,2291.070169819051
250,4655.194329049777,6487.259295070295,4380.913643340683,1726.8006856984798,1301.5147194856918,2070.5390769931128,3738.0481204016723,1285.6580873848857,3233.844281065052,1880.4023227155385
251,3860.1740481969505,5517.305380463789,3892.8643351232267,2399.8120428672155,2654.491320535395,1262.0326382629655,2503.378180432411,2237.2732870121686,1812.001149708131,2111.9454283145838
252,1109.0173435214297,8394.76367626835,6964.291892843558,3033.480385713512,3443.0050270835177,3777.503997868058,5017.3473376410075,2304.896705155186,5463.718366328449,2125.5645485215373
253,3436.086261037009,4722.701062824408,4882.145836900776,1430.2767971647845,1042.6968507419879,1400.8280745376392,2451.1418944736697,1863.5846221026322,1597.1314297802166,2128.1999214206407
254,1924.7635243883938,7027.92575138403,5396.863456231431,2350.9836124919466,1650.8137154420851,1391.937407651339,3427.2320218672567,1286.126336242967,3889.545582798732,2302.248458275511
255,1339.45422915852,7137.848743471302,5715.884677960891,1796.8308343670274,2067.6692318262326,2638.314240019432,3498.7804284360395,4926.853233726408,3873.075688259381,1575.7640085676671
256,1386.3705195069592,6376.800798590992,4628.930735956978,2958.9073236597183,1438.6328657875454,1556.9850298283407,3586.5205497210213,2083.289457412449,3289.643287077384,2053.3950275560437
257,2626.23153047503,8148.129075374882,6854.203556818694,4116.263581512049,2641.6466971383834,3037.771897810875,5408.235294097216,2637.231836476876,4786.198069833332,1880.3090115557093
258,4193.081821940203,12422.263470141781,11266.062734161245,5872.604457814724,4733.958095148691,7985.979072061972,10569.218168413568,5970.26921232263,9274.015873067801,3636.471954684357
259,1630.2323263551984,7382.7927807654505,5906.969460575655,1708.4437889553747,1263.2847343797935,4516.736223141206,4464.049197557261,2397.584738279649,4011.7680350435135,2369.962727404373
260,6610.752088037209,12488.47200489819,11092.72352782477,6786.953492822783,4607.212197027145,9444.95275758611,10043.44269164056,7656.443531197723,9367.120484790856,2991.9275854455973
261,1770.9381392837167,7761.35601687528,7347.046187869379,3440.525964289446,2536.0439669233674,2156.387782563702,5114.474953240928,2138.416253826193,3891.332977382488,2801.6413811052794
262,3025.2338100300117,5108.493341617339,2856.352936551313,2270.651802750759,2635.878397617106,2714.4216367212475,2844.999547620648,4793.689008576299,1088.2081805571538,1993.9359727916476
263,1384.5508886207224,8377.056700756362,6787.0809530801835,1170.789168130074,1652.5908827656162,4221.478228506584,5465.726896138231,4315.884783835887,4709.669552638669,2570.097170808678
264,2192.7355173123515,7101.816588418177,4542.1528466619875,1826.1262992718061,1948.8067609933717,3276.978666173815,2846.6116225353067,1272.4968193540572,2488.771974180776,1608.646800717874
265,1830.595458609963,6368.091671505006,4359.722120927875,1144.2223911602237,2976.3195557219856,1563.3059384566668,3741.8635534713776,2213.7809364426066,2140.8234733864956,2215.4976575817673
266,1373.2992880393765,6608.7196884739205,5481.738340057132,2547.26770074323,2337.5564176605617,2282.1977386121016,4076.075400737096,2209.0213637896572,3655.8997561384094,2623.533691492698
267,1869.7244913189343,8871.05610655707,6883.343070360413,3091.2660216203685,4645.643704926276,2055.8805102055057,5651.978396755083,2393.447068966812,5243.62950388082,2666.76711894991
268,1917.5394918758245,5264.444996261786,4129.838536116949,1518.9529716932211,2490.4618685623477,1575.3416220244064,3382.8490793251035,2072.8064135430627,2548.6977520929922,1651.462794787728
269,1682.8719838134998,7467.040781657854,6821.832105183009,1735.9712412109504,1891.2048005020124,2228.214780004132,5248.547836505008,1586.644449405017,4608.069706240674,2093.6219126970727
270,1403.749683392268,5967.016804951424,5566.665169868499,2802.015143063989,2377.2041211219816,2808.1077786739966,2957.903881509316,1579.0166429013418,3709.088532793993,2701.873485389125
271,1250.4108069334343,9849.300034490021,8356.980215502303,4900.232373189827,4917.889445485491,3017.1878909163943,7199.215217952889,4218.529371242124,5977.585238832682,2584.742352941503
272,1211.9230587723555,6516.477578251635,4325.193995403277,1464.2880815826625,1398.6045453386587,2488.1153049883687,3372.349029275353,978.2452494147276,3192.191627758459,1964.7797095674794
273,1672.3556631294439,5499.681488646538,2557.2680006314167,1040.7207388101972,2287.3846501979606,1423.667877984243,2361.0300693044683,1848.193873493929,2396.8859458067564,1649.7058908819552
274,4823.408518361298,8492.483317119957,7089.253769879382,2923.6722418041218,1311.9156261483404,2895.3588851895192,5668.6440533553,2144.886241630929,5007.809140820374,2823.500663389445
275,5548.499588978562,5624.211951634928,4672.638083911637,2066.652366992961,939.5292684918968,1653.6423736054662,4342.253409018847,1415.609296078463,3434.359174963837,2364.6899713579096
276,1232.3397656601649,7820.8810359204435,7107.194323492733,2203.050616129952,6135.461917480992,4242.240386316817,6221.903547388714,2096.6172957635504,4306.024726859207,2369.0279410309267
277,2628.82501329937,8447.69709277421,7289.831892455785,1944.5036754051428,1757.2294266196675,4042.7570399451406,4675.0310868487795,1176.8524479569337,4351.483253804698,2918.922044803687
278,2047.456812172844,8281.931737786139,7615.9618643807935,2518.657577471812,3238.9985890478893,2124.8796878107005,5213.710216875954,3176.429368459585,5204.509413285579,3786.3967196262015
279,2059.5537323600456,6450.292161351714,5019.517657452091,2582.372121291044,3472.3569139561278,1678.6911605876487,4371.359650456385,1578.0640608606739,3549.0729395981834,1955.9972355304726
280,1778.491112408518,8912.150074557936,7014.377020785194,2924.517661631936,3426.278842113854,4856.036722096565,6264.7430308727,4113.718621216833,4626.567185176211,2426.477178380465
281,1599.7480030999027,7527.2489473781925,5995.074647836202,3078.601990466045,1504.1778620226023,1596.8017374357912,4500.410956324149,1665.5054691355454,3910.6717959029515,2017.6952775275424
282,1935.3493305698144,8852.545407907737,6314.838125253523,2407.8603029346496,2238.059674308,2666.9281385523022,4272.408972595922,929.581956663963,4407.973479166285,2784.313497262581
283,4714.295928922022,9993.509930472504,7927.903332968317,4701.622789471912,4680.840510685524,7455.540224084807,7239.346979670361,2983.2839596459794,7191.75518124534,2681.38891808866
284,1078.251237713007,6470.613546877533,5695.167374851678,2124.3819882912367,2405.7559057843755,2460.5962176038624,4233.991079264206,1721.0332583064642,3004.2012896086326,1643.8214573807652
285,995.525344020949,9793.326382376294,8490.868343237838,4999.825796825433,5336.361077501513,2976.162113907235,6929.024358213184,4367.033802909073,4492.6786916168185,2298.9405778946543
286,1816.1594794552404,7492.225694025774,4761.822839513201,2239.996459663316,1109.1181186784015,4023.4418749183073,4397.358577607514,1426.4084472730287,3905.830933499257,2235.7343543688085
287,2896.908499328939,6921.38966618339,6249.067665940426,1713.6187668237521,1845.996174713213,2830.4806090715347,3321.60889143239,1468.1271454339112,4268.235445787328,2210.753641174671
288,5738.37961396189,7077.689614532556,5339.747359571319,2439.088458253952,1846.069992879811,3252.4243639687165,5088.457866827795,2942.417971585988,4026.2580045941163,2294.4311485531925
289,3096.928521797762,5175.876572986492,3759.08864928298,1376.940532795053,1226.1090385715797,1670.6714369066522,2917.653494256652,1080.7642325437623,1670.6163847285159,2115.5409200209697
290,2135.4926375692066,6841.031840816711,6250.722405197084,2302.0400482436426,2874.8769577161224,1820.3976998331736,5530.446419071841,2442.7813587826754,2973.2553174448303,3010.2898477401254
291,1025.152572316405,7527.797665608951,6095.178246342962,2871.783706582309,1621.439189423133,2952.1239860741825,4641.550848753489,1873.4398518332034,4451.444069021533,2318.7729405066852
292,1741.4330837462799,8410.199617198468,6546.681912750459,1971.4966544999268,3362.1531343032866,3045.711608656453,5151.676992037441,3075.733734260998,4451.008689698182,2675.2508728924
293,2432.3800871220424,9762.475418631195,8844.192399787242,4259.03748760022,5969.822963324159,4335.4660587868475,7270.621580578945,4065.0222781014827,5654.256727992807,3412.2932097422035
294,1263.7766802113952,6901.795242806072,5893.935034294373,2036.3294907219145,2605.032689606045,3736.0562101279083,5041.548545621252,3152.067632732117,3758.2092375269226,2029.5603767310683
295,3583.0429038313873,5201.699231063388,4126.098505734764,1250.155677597094,1431.6102329980824,1304.0298446241354,2012.6822585349523,1329.3891144207132,2208.4717916337177,1793.463551478592
296,1028.611639876287,5778.382086133197,4895.895357294949,1728.034781307697,2469.248164636412,1821.8228209270474,3586.6179298531797,1900.2671038895733,3077.411224420801,1781.4323915198486
297,1188.2359130800196,7061.668459521931,6975.986305597883,2397.2666701879148,3612.0494483700504,3982.3843521724502,4613.9683385471235,3195.894717331828,3826.5397909810804,1835.53907784777
298,1528.7976515084524,9707.72401427972,8275.444402835366,2058.0830347697806,2952.78832251929,4752.29027783958,7430.457527246721,5233.617074911999,5609.4091272790665,2630.2509560046738
299,4289.7609899767185,5250.914506659458,3559.9379019363378,1948.3747314896107,2387.8210340664887,1579.4939075726304,1791.374220857052,2994.949726235207,2458.8175415260157,1606.0400880776092
300,3008.2334423304555,5882.511644409298,4459.800189502364,1897.861082974374,716.5515471569539,2623.190914023375,2856.881001278798,1134.9582500647073,2678.708926528022,2310.2320628394723
301,4873.747982224186,4981.156720346373,3422.8261832558906,2514.371428811295,1832.8156328632524,1366.9886791460835,2146.03601155439,3628.182525044768,1661.527705511523,2093.0091003581224
302,1877.4910078297598,5945.76915082529,4731.61970937251,1071.1170457948776,1895.852086478506,2378.968613120963,2799.473180672753,1154.8652485013597,1700.89082368553,2304.5912347251983
303,4354.774104333468,6749.902095877158,5115.727367297404,1068.124525591253,1530.7602650144413,1445.5077533573194,4073.4415542348643,1132.2640294733371,3955.0048888767956,2206.59070342351
304,1281.930202548911,6753.582848836586,5097.5774199217285,2190.5172739432473,2497.7576108333387,2635.863493741805,4300.8727217020205,1984.403462824471,2730.907995818868,1966.0209824561982
305,1293.4334727642959,5814.181890892877,4472.722523753771,1296.8806375959705,3620.2978898062993,2440.944004142088,3110.739526879839,2108.762267398759,2693.2432645243434,2217.2074681683744
306,2571.8094133799796,9971.226381842534,8309.246604421549,4781.052767650406,4464.229613699743,4710.987395821253,6484.982204978622,2599.3493952310446,6755.570449197054,2672.0224829824638
307,2246.4783715450612,5561.2117385658685,3816.9359019086705,2253.887773708476,1586.4713612534802,2880.0154003448015,3350.0505667669563,2521.1467399671455,2218.8299358434806,2442.5139513869653
308,2222.316911033392,5612.298496008648,4219.0504286679825,2053.1962957605074,1614.5933335614063,1537.975226218421,2940.412089166274,2053.413322874071,1773.930982197395,2350.822669313613
309,3825.1993827476854,8715.935902945173,7222.639150173623,3405.722470355253,1845.1754157341747,3924.4532991216456,4847.992817023873,1802.5019854934728,5333.84721867697,2460.1659103124616
310,2546.4856534815217,7450.96394429875,5727.158617081779,2150.695652972,1775.236177842396,1889.952467145944,4604.155719779899,1038.605401308614,4480.47469617864,3386.009289478279
311,2812.0916889799637,7034.924825525022,5224.775195858449,2103.51673848972,3629.6639873802924,2721.3389356282937,4316.292927431357,2626.686391406964,3471.1648217977163,1747.7761276733745
312,1692.2796520143884,8773.36118811157,7692.716552162564,3038.710783018585,3639.058648650126,4212.185259481864,5485.025602757341,2129.897750245222,5781.065667246956,2705.0379235013133
313,2633.3007426204317,9087.95192140176,8197.554795716971,4939.711439678855,5229.370778044917,5397.787721329132,5880.53947380619,2245.5789630516856,6197.779948548956,3378.1167661661007
314,2620.7397874269905,10873.87216556356,8891.927291931823,4111.405602334073,2759.124148168299,2448.0926454901464,6438.364987359188,4216.249253033522,6978.53328288026,3086.342020707969
315,2260.5643660684245,5613.375764464681,3904.5216513965715,1689.5448207081508,1802.7618094147501,1663.5368826240888,2306.102683692391,2078.725649873607,1193.7979573111236,1560.5207786169458
316,4730.180029122212,9773.021940010629,8682.493975137118,5358.983728757302,4162.535119922697,5210.149294482421,6443.573363628186,4213.796118079314,6188.332144065472,2526.1019623726147
317,4641.638477399847,9867.52493632967,7380.080633333708,4432.950898584084,4006.87696174065,5012.760996938478,6787.999374423904,2770.165202406674,5954.927313043652,2674.8630411355175
318,4850.668678888715,10805.40449582283,8806.678047231551,4979.104176552988,2317.1845253121423,6071.582197368143,6809.895702541999,3883.060303104417,7233.850685417279,2544.9293753413363
319,1639.9225006498089,7103.212287700301,5914.345303830484,1734.6333676456288,3725.99549352496,2404.3312166039404,4747.924501093901,1747.290845978649,3488.8380685343423,2149.038650822561
320,2137.746952245405,6745.899703108153,6096.735064190769,2445.8224459533844,2638.573688356042,2351.3367979570107,3649.3629255243413,2247.199979020176,3748.5330852475986,2662.937477154374
321,1204.7887995308247,7351.325487001759,5632.124957673296,1989.3255554576579,3501.0805101032656,3685.341158794091,4539.254660729986,2563.245269176586,3528.098989924765,3256.391326543811
322,1992.5825698061733,6420.794390448034,5356.002084043199,1331.2265351185279,2245.4277187891457,928.2535613780713,3728.9811007980006,870.2120529462157,3191.3858433820606,2203.880839955938
323,2156.520227346852,7755.595609314278,5937.805539024121,3490.5548985787664,2835.433754678544,2355.17477746951,6047.763964047919,3001.965018025546,4827.832690326908,2682.2959495054965
324,4983.333410036912,5105.8089177018655,3790.235249324438,1410.458403392026,914.1740393204361,2134.2405543850095,1802.5265859877527,2754.7388747028917,2739.4935221759833,2073.8254739035556
325,1306.8949692369208,7203.74392189111,4463.794486040469,1579.740239633565,1663.5512111704606,2948.371428383237,3740.068060362762,1501.4984743048167,3730.1287654607045,1739.486950775195
326,1947.7563489514837,7923.282789305643,5786.219382637333,2757.5904650103907,2163.433417739261,1033.2611487909912,5005.629078561336,1830.660112662209,3728.7341774957004,2093.530469780033
327,3650.212308783769,8221.304654773665,6955.044300716016,2671.4840347462455,2724.800115871137,3909.324324035388,5408.101820453564,2652.4632926524255,5732.469429952296,3289.37487416591
328,1749.3356552151747,8290.519237225739,6561.945910698545,2195.656930774313,2017.2195845282506,4456.335989706574,5090.2373290927535,2321.6398417805176,4552.001826665466,1691.9146237372463
329,1253.9985955619309,6339.245788562504,4483.088346245013,1200.5200365969386,2221.044661840573,1210.6078087120618,3716.544136804686,1119.2258994246495,2654.3436974345855,1607.036030258147
330,2138.9741186475117,8036.194117833164,4567.451648635851,1636.924341590694,1558.0253329993036,3397.2378558115233,3371.4061108588917,1195.4583217842453,3598.6905135542534,2339.636767367861
331,1124.9036903919534,5807.8859130368455,3977.6204968755274,1952.5085705514648,2502.6773432793116,1008.7383420785313,2512.0965389673806,3131.459414179253,1723.2105920647696,2370.153875217362
332,2505.1366580394597,7734.095073539071,6297.024828557548,1751.7053440176558,1050.533101132864,2054.3638726848535,4799.938301433556,1653.5335675054037,3924.8081968888246,2195.2066659540624
333,4320.958838679333,5757.772423494476,4679.280114951678,1338.6955890273134,1174.1413961221854,1259.2314307824872,2790.280034458616,1565.910376918947,3172.9953273502774,2265.0123076582063
334,5197.487188263225,5635.827249521845,5230.093712548386,2809.0455570878707,1154.2480804872423,1574.8096448064414,3112.531699711254,1229.6493759750442,2596.964942165263,1555.65599831952
335,1823.1578700930168,8754.159018658152,7227.929183277232,3749.806258635743,2411.7320489336525,4269.593224578981,5419.348921681714,4555.5748633193825,4494.160177078775,2689.987531399187
336,1819.1324163125146,5824.364262425659,4093.465185441294,1260.3673404800961,1715.3502975559056,3740.6509959531595,2621.9247580976757,1227.5480303890413,1707.1046742436079,1860.9359539306383
337,2937.4144353746997,4202.446330389463,2824.036092102133,948.1487728240537,1375.462591490073,2195.2157576666514,1453.7559381336773,2479.924970192057,752.5355412392205,1707.6610140638588
338,2937.9123482340106,6346.907612349679,4489.171068522752,1608.0556964472896,2210.1261150457367,1564.8428195132706,3324.9177720381017,1884.232965960678,2192.959641745805,2496.357389039184
339,2025.9595915897455,7929.2137350990015,5697.376649570681,3079.2234602088183,2932.387800247885,1852.586390700941,5807.322553488575,2208.490683070833,5543.193127538763,2917.6187009518553
340,1689.0269602673966,7180.214734518547,6202.286838296371,1751.085657697424,1855.00681955339,2528.712646650647,3438.346572629212,1650.4179882485205,2636.3016792437556,2295.5996586737356
341,5176.977718183623,11112.835328828636,8583.431122480351,5884.440441400669,5463.58678080804,3941.2999475552506,8361.866826321115,4227.011463088835,5822.959938304828,2557.5781725601764
342,1591.3161573859022,6610.913121577029,5723.999459774535,2716.5088610575913,2291.904101339505,1546.46368036379,4121.823205577932,1959.0302847216824,3488.7549617034024,2350.260183911788
343,1425.524064389488,5417.392907217288,3447.7008096395202,1411.7014539787242,2074.2390855591607,2600.6076967171493,2870.3510478685703,1689.8573264311487,1696.881564569539,1514.4046398986407
344,3169.952768819557,6106.4828641073145,4722.408420831552,832.918436998214,2578.7952895701114,993.1340347242428,3046.6000591087204,1039.7397315859298,2210.5279804544125,1925.490463467488
345,2538.783243530662,8721.599363130064,6012.858142856216,3387.583081504963,2850.766507305767,1566.5581774915383,5179.298830933205,1669.8613568294927,3121.9327063033297,2033.422377923999
346,1726.7007300952125,5311.070108887912,4624.035113518907,1022.4188300485628,1446.9439800952528,1845.6115094800448,2303.3729617772087,2884.664870007352,2760.6670576490114,1583.215944106441
347,982.322317484003,5780.532391104891,4357.798571065712,1394.980416375027,1400.9203361455095,1841.137325781251,2889.8088826108396,958.9455413726718,2045.330520295022,2044.0585554567447
348,0.0,5647.935398523684,3573.8500875021896,1473.5610630822546,1057.9052755604446,2956.842651960802,2665.646059021889,1773.2758320414327,1743.0845223393312,2328.669844717115
349,2986.405443032455,6048.6677539187285,4989.563905725268,1279.82107923462,2207.988981037486,1074.4998046150765,3142.1224946687116,1562.147039652219,2187.5961870811752,2420.7616899011728
350,2334.976368140009,6280.1025166974505,5569.050840905693,1921.8290484910026,1665.0454151914462,1659.8030111928902,3739.8605416574774,1592.6789044943182,2636.7571809676574,1690.2315694058118
351,4450.980540454588,10298.546244635236,8440.320667654205,5402.64908055548,5219.027059019365,3401.0265975069983,6420.9565536556065,3409.996979039649,5287.893818781005,2779.343027990166
352,3265.776974300805,5643.07027891267,4802.144981275609,1082.000389053097,1903.594784337658,2180.8500514743923,3342.5657419353984,817.2053118914259,2774.5934632583476,2221.839204746594
353,1785.2527876539707,6978.518478479881,5443.466076115118,2401.401875979021,2750.8201001333905,1313.8614240976858,4833.561427619329,1436.0129046691754,2926.622980730637,2803.3376028521407
354,2410.261904419943,6778.974146647032,5676.951536631356,2197.3663714856575,3298.642096753604,2909.9187411262283,4460.849742928884,2064.9733104987554,2989.019854249771,2065.6587497534492
355,936.4008456469043,6805.350560373667,5080.56931384885,1236.0325850124063,1891.494708776549,2621.8231955476335,2873.9389293116806,2405.12549620108,2017.4593168845793,1874.3550576606508
356,3984.393596664965,5873.983321066942,5508.261114008884,2037.0085466751027,2416.6892517225756,1812.7357345263358,2919.5010840502905,1554.9552163655453,2159.1306987806915,1946.7895273337172
357,2732.140683421134,8424.011115076763,7205.030915210569,3225.6590952677407,2276.3468137683963,2386.4544563806658,5192.8000326704005,1856.277523494078,4963.790110586626,2498.529419253504
358,3037.5522746598162,6703.276578231023,4635.8846155542,2314.5616771604846,2781.2277937379977,1641.6311804562902,4252.803197950059,1914.97066258702,1962.3104843076578,1993.0710368935524
359,2107.5884349374346,6646.836719281416,6029.3903459638495,2268.554701535966,1964.4405145707233,3326.0055405052185,4583.157587624908,2163.758386069284,4430.733572101944,2170.158352734619
360,1791.9899712864947,8165.109197775561,6897.823243356843,3598.6687230417892,5719.059861877551,3751.406355776949,6371.461400270238,1951.8764534741767,4987.633322952325,2598.8213647356024
361,3330.0911253901086,9379.377678801284,9165.433640175164,4803.769868138055,5077.131562846524,3856.842294937947,7880.979753935533,4816.96654600667,6399.654625958841,2644.2764922277543
362,2479.3041563782162,7465.064825441773,6541.898439002265,3265.6452475128267,2730.135744577151,3111.976319687723,5220.985520342521,2329.5559432532445,4754.449261395929,2176.8615656923785
363,2044.7969191833508,8866.098429285192,7732.591606678903,4340.189173365696,1456.9629084530868,4616.795460879381,5904.399787029311,3510.5191490328966,6244.607342156879,2782.0515825396533
364,1215.5888029920757,6967.158717728356,6306.357935984635,2501.97402565384,3527.30704904247,2366.5953232959664,4244.238547131507,2196.743622112615,5415.252090621629,2206.1700897049986
365,3267.3701960197477,6347.914364211187,5750.810678155967,2731.935924895101,3261.11434207581,1772.045539055635,3994.772773580975,1746.0332240036767,2666.0578358719913,2435.257402778876
366,2865.807931957665,9616.273252469962,7885.606601640274,3494.921564458007,3108.3462339962625,5486.211644426121,5599.531670692637,3310.125957976524,5552.453072825299,2532.280759640038
367,4935.9123338088475,5942.83145388319,5007.423822960156,1988.3660703275516,1378.4237653840464,1540.403264217155,3167.8049944210197,1125.1797990230802,2938.711383491789,2014.5901970240595
368,1511.018391570221,6119.257539868624,4814.502655627195,1873.5378668352919,2478.630610259115,3476.340288852629,2965.5132114099433,737.3756817464662,2570.324021868462,1995.6613496485331
369,7148.313583559652,13062.605753353331,10873.56739127916,6932.203952828093,8027.406849739962,10291.717997379761,10222.721049297956,6210.6999620286915,9394.854096984862,2968.9851732762877
370,4959.453662971855,11721.506538506466,11278.358174935609,7401.094892047252,3647.416486070314,4900.282557176209,9843.264489966676,4714.592379498004,9895.02172910883,2885.4837614992643
371,1255.053055747347,6978.512066495114,5794.935201511011,2383.042674102645,1846.6393775581994,2316.30477902018,4082.1854528440117,1633.2770627734294,2934.859156833578,3029.9123411982173
372,3457.671324180891,9245.207423369546,7529.143219070179,4088.337748507272,3768.4432137359368,2580.547510185652,5784.140145207198,3141.5980963184925,5670.1685707527395,3019.21283042118
373,1747.2342052522135,5694.612167946443,4958.175757099123,1850.5294990000027,1268.284549994579,1993.8802412341226,2930.454994554345,841.3611253118704,2720.703663124978,1842.4644258237872
374,4917.987465700943,12525.354377936193,11682.90446412557,7401.441686049675,7947.92015726265,7348.3382527744125,10558.606409172353,7860.352057981093,9552.673727829431,4184.446834491827
375,2868.421066177867,6148.728433156065,5835.015503809497,1226.942973755425,1978.9230343414074,3125.0247509356345,3991.7733430668904,1283.125084898284,2903.540409564481,1976.5893654297463
376,2385.2184819441063,6639.631509051382,5682.680586235668,1367.3355515999435,2085.6077107432284,2329.168929255008,3462.5637149736863,957.9143685217073,2798.4135216263494,1421.0637218840789
377,1750.0262382758328,6915.826462112946,5860.062069848651,1953.1392141228466,1685.275264358286,1531.4745909643666,4458.324933409482,1968.4607708725214,3759.872015810729,2535.356285781635
378,6489.560766320883,11873.556347683525,10226.68512083686,6581.132881200676,6175.705734851474,9372.709425932155,9974.087063126528,7274.9949622218,8122.841363960781,3369.630978375848
379,2912.4725042737873,9733.895787754875,8371.922476062828,4540.920375447056,5775.95997092851,5310.681109358642,6858.289702106374,5210.42996789998,6372.3039971953785,2939.4142879902133
380,2566.1017176247674,9857.916916150709,8574.136605072868,4424.778177129041,6063.317016394694,4573.284619628987,6535.263550607859,1437.6275957534876,6639.5335722045,3054.3872970965203
381,2089.821257610116,5602.805869135972,3823.8694225729078,1242.9666872317614,909.9499672342027,2292.473351059788,2745.9841397778328,3714.7894259001464,1464.766919005866,1795.0321775715645
382,6015.697645510369,4637.47308651706,3232.2294777938614,2649.690785051667,1091.7263772697452,1877.3930274687336,1403.6884755113265,2613.8178668628357,964.6369010338406,1960.1098137947515
383,4415.707777844132,7645.918153739281,7895.125062108692,2820.329474706383,1953.0615141322091,2722.1872923738133,4402.316898167233,2664.8446058745944,5400.63476801925,2230.934709478663
384,1913.7700915839027,5505.350361644507,3995.5012215077804,2163.768419790811,1274.8780058980767,1670.1371192418255,2588.9469001823154,1516.4410991288853,2470.9840632413284,2905.342412273298
385,1083.203509725249,5483.595572022239,3448.908953579341,1134.7180384532805,1665.8496589548704,1842.4315549223518,2838.6263153520913,1054.3742809886671,1949.2194728624938,2163.8545576079346
386,5778.623600215137,11064.525586305346,10706.637044246767,7336.5999486833725,5420.842385228207,5952.483879993917,8048.691320662337,5116.716368036592,8899.072639595586,3606.526270262599
387,4580.174294221236,8498.538744050667,7421.342475784361,4987.903933067123,3626.4897519394663,5240.5135092994815,6663.9050822310455,3297.701803929682,4780.225348709508,2552.8992149759606
388,3605.2483552731487,8775.203658572122,7901.725467700257,4854.27581022762,4075.8428072066054,1730.5360713231269,5516.87508435854,3702.4362084877084,6367.320962079423,3421.474764138756
389,4799.934698527944,5897.370519905796,4993.165745736598,1187.1300005752619,2036.1798768852711,1210.4335902776681,3568.3025515322215,1182.553145968188,2577.991877900034,2014.2490416898734
390,3688.857965198982,9933.15903098521,8460.678638608728,3989.5987382394874,5361.4564472942675,6303.778933162061,7555.714365299351,5398.902078304328,6506.596583579951,3295.054195698601
391,3830.9726335532023,6161.317236599007,5153.496360245367,1756.4326521467378,2570.779079562447,2066.007234048202,3937.435090959568,2627.5153344258056,3201.4891521855106,2042.2532090391235
392,2445.17561957531,6800.560536012768,5497.058962792795,2442.9388182275275,2386.48328404888,2983.7251182824903,4960.240159476682,1609.466985040229,3636.270898688593,2043.057849411473
393,3349.5210840065843,5014.4605252901465,3271.5740163103965,1129.1209815466677,2627.580924362215,1373.602265384006,2612.6151168336555,1467.828336291202,1529.1290007341877,1789.453194597726
394,5208.711953014904,5793.592690013896,4090.5126814735568,1195.307854127092,1477.8838279533056,2121.340375963483,3126.6963788199796,2321.6848925470076,3212.7386441416584,2102.833560799249
395,1996.2706449970055,6372.032985006934,5959.249903092284,2000.2779047948043,1669.6079171614003,1403.1146010212028,3353.9095531820253,1520.0018323251466,2407.6144994541346,2441.55956272955
396,1044.0618256836442,5576.553747409734,4253.892592880919,946.7688382595065,1101.6513048493389,1198.9134767831083,3176.4654934253967,1655.736658222992,2184.8528734427155,2680.8248560720817
397,1455.0494474622012,5969.228255650523,4633.905545108775,1389.2581515996771,1151.7582052494022,1294.9333597092282,3274.0886636749137,1433.2883979346,2528.5804466893096,2418.4787286827213
398,3630.2012176080416,9860.710817022089,6963.206579799309,4324.436261356377,1623.1151150027104,6149.348707468838,6529.286307118664,1763.733227047767,6359.2430905834935,2271.5090746254236
399,1349.5245813489923,5922.911134961289,4676.310585397935,1470.4266436760927,1859.5645082181866,916.17396258433,3601.8916512603873,1424.172352682555,2088.012373449428,1535.7024952160853
400,2080.601086692545,6776.955507439746,6090.535885758548,2110.948783899139,2868.3865414731863,1797.3807605730433,4259.703493652261,1012.5781717402648,3971.6212127448825,1481.973941209516
401,768.4777568212144,6105.999531167877,5699.348285689933,1764.32949259235,1332.6526265263003,758.0875398698158,3694.5246331555322,1986.2677040659219,2757.6737424171197,1828.7204906548002
402,2242.593888254114,8093.6887284906115,7054.228370378493,2712.371653022361,3679.2221581870936,5200.2980548128935,4585.569819480921,3743.0564848149797,4543.759380267442,2939.635943864473
403,1531.1772312057044,7217.032951079793,6052.425025424778,2944.5643206362593,3057.2085001722,1175.501461480775,4726.8692345027175,1803.8614411033302,4269.861261952652,2670.6317521306437
404,2237.171887534202,6516.365389885818,5360.204418047571,3373.1848229045486,1652.2028482235837,3159.1098672873477,4199.0768577385625,2168.2083119172116,3811.5040744984353,2062.8848251439185
405,3585.438006698013,7558.74551324518,5545.8972542952015,2113.5919694613876,1512.0160127556128,1823.621947197033,4468.931126151314,1889.351069345742,3223.9630654865846,1841.7519803670066
406,2373.6834072936444,5534.064206720256,3831.271849675632,1392.1486548133284,1933.7003956297349,2043.3969420543763,3187.5911698864143,1451.594321269161,2028.1217790223955,1439.900185715463
407,1194.9227929324006,8771.642238528031,7118.516777062496,4304.784619760172,2478.8365255629333,1911.1803409082179,6384.300266475253,3597.7321959101037,5265.039814138457,2416.778062467306
408,3993.8019774643753,6248.477950753982,4921.47713557106,1938.967416138606,1628.037957703611,1296.8556367569518,3186.436898063278,1485.1054387772351,3795.8478500870788,2515.842486439521
409,1519.648561560208,7090.823808975097,5091.4118525933645,1155.1923594629259,3133.9893496579025,1398.6263317649823,4238.720074917104,900.4790898227225,2907.32494517906,2067.316088193997
410,1247.8652198588757,7378.603943282913,5000.029660641177,1482.5945953517453,1831.3134060435716,3474.0129934610964,4122.644292760752,1341.117255304261,3318.1424347750735,1487.0305416783542
411,2802.408349173914,7761.381497333476,5799.233979109644,1057.4208798227874,1338.720775869225,3592.401905681978,5375.855526667849,3030.968273800622,4783.0707790219185,1679.280585034305
412,4474.374228575475,9169.815243735167,7775.638877659054,3531.309458101694,1467.9821773513645,4177.2392487325105,6362.35783411796,2939.2009446934244,5661.344935125468,2849.8351733448494
413,1402.5436189998322,5793.085122063084,4113.987454458325,1327.9711257328404,858.5070957213206,3041.3799777428553,3126.6392055174256,2560.379219130608,1736.2789141226262,1479.963777431999
414,5900.734405913574,12803.854719155073,11250.482233078841,6886.300048481182,4609.192364641195,5939.891383982707,9256.632384630091,6538.3350792718875,8896.007384021363,2664.9795893407727
415,1844.1342245790051,8036.870594164308,5730.446367723296,1693.2477485926847,1793.2670436467974,2507.8095095662966,4724.258849227766,1561.0490053190565,3778.1735593884277,2082.882421367057
416,2342.106039087871,7671.953889770002,6316.111002431742,1579.1791583861943,3631.3751450849663,2222.6408498957903,4474.200740017293,1652.9374115522965,4461.286768811622,1931.8435685285872
417,4508.75717296799,4503.668394398007,3661.0840730795353,2195.2303447648565,1112.6158076645324,1721.3001403565465,1566.8817102683797,1485.0160513446924,1226.4704299416376,1013.2782698000448
418,1915.915988374987,6323.443258803634,4392.036113427281,1176.2988925978038,1368.8568120894806,3067.945594913769,2941.3187123886396,1483.7436948197087,2472.9113751195737,1759.8241516070811
419,1705.7943945748375,4601.046789235655,3471.387419389871,1463.0535505398648,3635.7337699437703,1446.84253859085,1868.3730672823062,4900.798255310827,1203.8735615837768,2116.3234264306598
420,998.9181653792518,6971.023858218193,3856.1224341749107,1206.4431603728292,1989.3560801163526,2056.400182239636,3199.1774359169785,1277.4983088793717,3058.6252141152017,1339.9150030233232
421,1811.2418133628387,9127.081372451314,7314.957072170258,3782.9057956509087,2725.792636021155,3273.075204123559,6446.376707377501,3522.784064299153,5953.7727160297345,3643.930203835671
422,3966.644438414778,8252.557950514798,8020.167604418772,4294.005140291276,3979.3285380243565,3900.4985906615166,5302.855662118667,931.822796430074,5350.0797144737035,3524.7989692275646
423,1363.9496064499206,8136.045166848691,6353.968571138648,2555.733120977945,1440.8000425350597,1379.1090910754547,4546.7001942444895,2102.167251756494,4879.084666142406,1430.303819187344
424,1449.728060546601,7348.2149429535575,6531.271952084203,2943.5839880242224,2858.398197879178,2151.5368176946695,4995.955651460454,2315.240740772302,2822.032743634505,2004.1178326067034
425,1854.0470591659598,6397.809964192391,4524.090114613438,1681.432098078621,4089.4424125639903,2087.728761264861,3047.6549563851995,1389.2584828315394,2020.753812343097,1452.1248697078006
426,3256.8352921356764,8192.342382977607,6201.3491241781685,3815.7590053247714,3517.394105618761,4499.947812111707,5304.605193197961,2704.0711526424493,5914.395916491351,2517.4575756695235
427,3032.865240925157,4528.483819797235,3126.0523231954116,2565.114511781342,2731.7840730868716,4699.295667242062,2441.4569664564497,3589.9248865149602,1126.431498330851,1453.9155480370862
428,1647.3933320365925,5111.281470220554,4231.6844400027385,1634.720209782962,2813.874417759762,2306.3288858531114,1053.4202267518958,3212.774876650175,1873.72897799899,1663.3520765860037
429,3023.469579320161,6291.009155204657,4168.768890672123,1486.3528272625672,1947.0879009733808,1386.5907586563899,3788.7183002146166,2142.7337088769646,2844.9328031171763,1809.642988865022
430,2426.14897569468,9195.080974540979,7175.887040413469,3927.912450232084,3994.109063520965,2128.598590722847,5400.738411859402,3379.199207100989,4957.315294993908,2503.8441532174324
431,4415.43373723024,9832.362485307045,8469.665959494057,4762.292494864179,2405.5814919537306,4865.292114277835,7049.358394612796,3805.3665906957704,6413.23432287228,3098.6353362121854
432,1525.0784243555236,8648.84157978277,7535.687232738264,3182.9214793130827,3975.139893451288,5031.722627748592,5720.36108248914,3050.8915072097116,4864.972732339362,2381.3987675180133
433,2523.847200559858,5938.7475525956,3713.7200310124217,1347.4082792210174,919.6554920094239,2901.3382713906776,3398.284736320571,1545.2438235936147,2415.5367879059663,1498.8537732258794
434,1555.4289656567746,8276.818854413528,6764.230975497789,2202.7654245443396,1570.9175153298395,2386.477322615805,5297.8223806175265,2042.4647166731195,3907.2358399347054,3031.219085393589
435,2229.8902012563826,5834.320334009291,4379.563510920785,1425.630181805501,1536.4593740625814,2528.3235684937877,3164.2816607394034,2359.5661614180267,2763.8294465347194,1349.984250323616
436,4382.802227363114,5233.929334442701,3455.6806017432464,1195.9573126322841,1957.1291725218848,2856.0774537388243,3090.9399212655217,2023.8012603503187,1358.452825079895,1617.1943104079635
437,2016.8643230172622,6904.200853166691,5868.176505060599,1940.582329323546,2498.3022964399997,1492.6569483243106,3160.3383986780045,1181.6031421665016,3195.6317642276254,1745.3296230148883
438,1557.8198350148823,7363.234453704041,5584.065415477473,1245.5064370893635,3928.5656243125636,2589.997739198108,4714.128978612638,1508.10888748131,3629.984494708955,2494.8488391976134
439,1745.8589790033875,9465.965801623748,7744.259896858253,3350.8901961691045,4655.82006832196,5234.912582817923,6444.43922352441,3884.178384108199,5014.327816550286,2119.1055085648577
440,2717.857171580809,6262.157058141779,4810.782844255147,1569.743890627775,1981.4696392017736,1256.618945019625,3433.0818265842163,1278.1862973577931,2912.2154347333453,1869.9125631017278
441,1307.5106605011488,9090.21502359198,8421.558569931702,4988.181715283181,3560.9067417912347,2653.255394590573,6308.13923298199,2767.2277107025343,5858.936674693308,2890.00164396452
442,1338.13942809556,8963.325128393471,6317.756612574583,1791.1275607277607,2709.79563364785,2665.2379457340485,4736.860167026802,1639.8987652577887,5396.036811372664,2682.915896135445
443,1304.8855378150438,6757.595984301724,3992.627043109259,1458.5319681479314,1750.4284747696252,2251.345325976492,2679.6114227714447,1808.6583083774822,2379.6034487110983,2023.860981079128
444,3461.3555235284075,9324.035338354692,7118.183871927337,4138.710496621057,2967.1981926928856,4172.838251087103,5795.458566717921,2123.424275104621,5660.840028277214,2673.9610521774357
445,2651.4424500292457,8793.074999506916,6317.094116110702,3284.5519134394526,1255.7618144734276,4020.8645781584282,4881.4705007247285,2164.540025926266,5408.347135111977,2522.426247227053
446,835.4996936287209,6308.58794123033,6298.077097793297,3039.278156905965,2303.852544318093,1200.4359218141126,4216.297408985332,1205.1573418960015,2893.739841638775,1557.988809662611
447,3554.4690574045053,6033.573003831263,5163.365238778346,1943.240890774763,1791.3752995096652,3112.459340740951,3030.1540064329374,1557.2548800472234,3026.630259978846,2382.1711297922648
448,3702.898756624051,9676.331594468309,8491.633687433088,3769.717285193088,6522.279549155461,4080.3759500746205,7515.214584828891,3349.220225278201,6405.929523138348,3435.9824027129944
449,2080.09114475384,10052.071165834619,7544.71514441675,3694.6020014685873,5322.892947413224,3984.519116560109,7086.494563116494,3921.8946747717678,6043.333626246391,2814.739395792
450,1577.5553894690183,6105.618881538325,4717.714886090957,1788.1814066419652,837.5268772403346,1513.2510367614018,2631.0855290139966,734.3102912312665,2568.0063844108577,2964.2055906119353
451,1562.9247200780073,7405.156168324861,6483.9178860915235,1544.781766580891,4129.649551865803,2678.3625765735005,5685.935611271985,2047.8917578752582,4129.180312355147,2448.202976699825
452,3755.8953933081502,12041.369902605831,10528.448588218178,5680.197002360257,6520.893436889827,6055.318762271546,8743.565505132958,5921.843179795851,7897.000716031056,3610.5810846124505
453,1423.8928738774453,7592.5705089132625,5719.332973452562,2812.185351475168,1676.7799433013088,1950.4687399178051,4294.625124427486,2009.8495320039751,3270.5342662850935,2624.9933382524096
454,2429.322019843399,8399.002953822332,7236.929881497417,3215.4307827550447,2252.1189011613524,4640.432765160327,4935.3306146624345,4492.208649362503,3445.2750190052393,2897.0130022877283
455,3805.9027055488104,5568.56921732496,4556.3395160971395,1246.6732999951555,1754.1572304442054,849.015011956473,3267.584949285577,2950.1901300818054,2564.8395715307706,2241.5567787176337
456,5229.78111509193,5695.038823199244,3930.7119770928916,4173.621051119029,3112.03470333534,979.7492991654399,1915.1379673745982,1923.3986928666732,2045.2830387172253,2234.618447671155
457,2896.659901764584,10315.665791962421,7735.273669878028,4308.858611692169,3936.2753221664643,6088.644452248641,6801.720472024581,2290.925827820406,5388.56725375787,2529.2019432855695
458,1514.6880991191706,7121.234468000494,7080.976793599891,3375.4159482291852,3936.46502787202,3273.1302651703945,4947.905997131122,1840.7085095352159,5414.167810485993,2053.086714445924
459,2157.5603181731753,6106.582939124173,5720.787875106334,2245.1462378216333,2028.9567655311655,2624.8332376218295,3503.602215855072,1240.3053532676313,3294.3208775795765,1979.7830909801676
460,1469.3007215172788,6333.678064455483,5738.978577023399,2341.367646510237,1449.063376014057,2953.747622986354,3959.9879109169847,2252.4891029265937,2317.6275843593035,1398.5412073863886
461,4128.1357282642275,8691.77614135133,7491.403950119824,5241.327424467669,3780.3065770036183,5187.597701723598,6588.883257850832,4398.509615105958,5918.957262384953,2710.9361698499556
462,3688.4485243775825,6160.044831330553,4264.272441007166,1574.2840122433374,882.6129599962094,2345.972598563543,2244.552212490675,1303.8077182541774,1572.2194336521789,1718.0908876592164
463,1446.8661662465513,6381.260130998951,4623.207297175897,1297.7450022973808,1502.2755505797797,1512.037719131559,3497.3093591292977,1880.4945935498063,2557.298886823889,1916.2554528791852
464,6273.163990482126,14119.952468790034,11688.659278879604,7570.287478193835,8718.809756195356,10044.786532960778,9659.011409065452,4092.748485306019,10179.323305015287,3265.3390647829883
465,1379.1407027955283,8178.283574422554,7053.079712306979,3494.395366969663,5194.289791014333,3956.069734138596,6115.799580063769,1834.7486706681516,4676.960608593672,2801.928878703667
466,674.8164432236828,5659.965718688449,4622.431790703438,1615.007843787466,1563.6233371009328,1499.3312916674956,2616.266857405517,3150.871257914494,3078.5482761715803,2031.871154385219
467,1358.8289083598106,7144.498994678563,6011.738479228549,1891.0035068292823,3741.7149908068395,2582.1863229405767,5827.096115264245,3265.393261150355,4580.386030820373,1561.0159831738176
468,2170.9239669518042,6922.093146988349,6656.917234823948,4587.133670951427,2985.0990033035105,2460.9626887084014,4897.130019315207,2124.7505429919715,3516.1139346630207,1888.3256655304106
469,2113.0568697661943,6078.913402969647,5307.604691510917,1278.3676872500648,2814.6892960519367,1431.9427730598359,3299.073409624988,2272.5494501023277,3002.809738955183,2386.3103152208523
470,1516.5838451997736,7352.0356164994455,5530.494058783976,1708.2640175629545,3043.9405263007984,3532.445861646495,4722.133343478621,2699.5244495562633,3360.365952326944,1908.8942244801192
471,1842.5992702145927,7998.716904337245,5043.304199157768,2539.11883060946,1494.3839481645173,3508.516307103139,4359.145282135788,1485.0807869940545,4319.339413115808,2075.7303830336245
472,2876.4710660823253,8439.690762437334,7504.876077780878,4201.1306560919575,3255.2493016488747,4326.110748953273,5476.021726768966,2015.2410097516588,5476.606848777747,3415.066884036784
473,2299.053475264656,6282.133461656377,3587.0805355875227,1096.7168017674362,3643.592182422096,2346.814789884488,3578.747362992117,5089.494026309022,1818.6749600307203,2087.273880312383
474,4715.397108485212,10721.893516131351,9311.106747200502,5388.063228210152,6383.146065333707,2516.7355408485782,7157.234400837584,5406.349726534283,7349.672675704574,2709.014786537997
475,3923.3009009080124,10941.548995460857,8978.681718288452,4705.702271902846,6258.232696296471,7154.1227448787085,7229.200618884463,5638.077432808777,6272.841983545522,2572.7369999251678
476,2606.0829036207642,6474.658792537262,5243.480114983937,2782.1757285132744,1690.9178369784415,1833.2199088381522,4155.581808330523,2154.289510235523,2961.974554195328,2208.4825900932447
477,1096.3469179936774,5560.98384522905,3871.552693687705,836.4719392789763,1241.0683857300528,2149.607152098123,2524.219219832022,2603.3030427629674,2166.645733806031,2451.2928765290917
478,1962.3710657080953,6918.337308799719,5635.227041723781,2259.887836436208,1103.1337116616944,2060.9548867155327,3877.99176771666,1280.1984886232947,4658.801248747392,2081.6326289693757
479,2981.4022161352195,8072.824142285575,7591.383392781752,2594.3915908044737,2870.287224654562,2944.0870486999547,4514.683216024183,1303.313108534547,4679.657122301967,3017.8613638900056
480,1854.707232523624,4837.229676475577,4334.870165290952,1987.9995920769436,2053.1482920921085,3064.670866879666,2127.650806295042,3361.7445639102098,1709.2880659266698,1862.7437178145276
481,1842.486973198491,9044.08717871138,6712.552094391436,3134.233804312117,3873.016511786091,5138.702604722322,6342.282781430681,3837.570124110311,4337.424542698323,3085.5722000556407
482,921.9023889931152,6405.427582282115,3904.6251212119532,1295.7821667390008,993.3276629669411,3216.0893833016125,2893.717017086964,1671.9343437565242,2659.0783143690387,2443.3443758353524
483,1439.95957922471,5478.501852645088,3547.092891707476,1053.9545155115707,1256.178186567593,1496.1118181301645,1835.6092246747448,1715.2025998268118,3036.966488815102,1647.1926966782073
484,1711.4700961228496,4460.9330413649595,4712.61547609272,1202.7280422416145,1073.529842819591,2069.402371168556,2723.7705187835636,1358.137425561174,2198.8911263737436,2125.1741704160713
485,2862.518914770838,10705.51203633337,8774.389940747405,3806.8784661690024,2926.3801568954796,5103.854159608298,7218.169562188306,3878.0631324930687,7431.597389818175,3961.1097802681174
486,2201.425247774758,7177.458051939995,4485.647382043495,1566.3267376907106,1160.6039710958366,3838.553888776341,4095.453752843122,1269.810115230059,3454.431501463475,1945.7954625578782
487,1145.6561013368107,7655.2725701241725,6923.624493414226,2648.805535433932,3025.8293738799334,1665.0689422039147,4635.8675888541675,1471.3756389154294,4168.2763472402785,2601.611754593393
488,3838.104034303734,9965.062914708507,8050.64153506235,5088.164109297461,4993.772955414306,3641.0376520266145,6814.718079969958,3569.4268103069053,5561.561015302001,2923.222930343
489,1567.1325675195899,7285.772291837045,5082.648202912691,2332.0592121895565,2089.5745472553663,4763.219759452694,3406.8349542944934,680.7332962327366,4612.687251232748,2284.436173254886
490,2694.3622377516585,7328.658434854285,6379.680334087626,1780.8625844075984,2049.6669910726764,2878.4166238276557,4518.19053683663,1094.154047087197,5284.640753103805,2573.7088109331426
491,3696.7962994832646,12423.215867918107,10718.075831051316,6000.056381065345,2256.795682175827,7860.102413278928,10018.286005369613,5496.729019605511,9974.401224045432,3103.6721871844675
492,3949.8564085697544,9311.679294586555,8798.54052413184,3700.5036660272763,1881.1678969526833,3324.2262232992975,6528.58450336667,2037.494730453491,6330.542979973441,2435.9155845860073
493,1361.434827378227,5511.186251920731,3460.188316149616,914.3143383398681,3365.4670789202146,1377.9735174731204,2609.0345402881317,982.162339551957,2629.8196655955,1630.0572828483353
494,2250.653643191708,7002.565378160805,6282.342725815326,2075.8267011135267,3525.8404600551357,1875.1559384993598,4958.427842326224,2377.3030381092512,3683.706841542159,2390.838631388042
495,1429.51913805785,7760.753651035255,7202.503160967029,3048.8215306236934,4558.690262699668,2263.3252097775694,5648.400479965772,2978.6550107315843,4788.264986816489,2518.081267745578
496,1695.1710155706,8788.62457209589,7513.23208381796,3772.9321207285643,4872.635913306158,2889.4362680338145,5743.598262888968,3073.6566111919255,4885.624177267981,2083.3779089776326
497,5189.425501600783,5636.753033690396,3924.916006914251,1382.4993844223768,1045.1841967877324,1245.09075963437,2686.855578374868,1067.6700401094,2375.0795672337504,1531.9609567710893
498,2678.304328467674,8846.591512721294,7051.679755558589,3428.689473001281,5622.045975125999,3501.3658534486194,6290.03009132119,3970.1601189636094,6156.8472183097,2644.851027912788
499,1938.6388986784682,7374.574530701379,6194.1621599217215,1864.719314605714,1560.60145920264,2672.8864277444527,4700.388734338054,1477.149954550402,4400.378865069091,2394.023169025374
